Pos,ID,Name,BV,SV,Team,16_xMins,16_Pts,17_xMins,17_Pts,18_xMins,18_Pts,19_xMins,19_Pts,20_xMins,20_Pts,21_xMins,21_Pts,22_xMins,22_Pts,23_xMins,23_Pts,24_xMins,24_Pts,25_xMins,25_Pts,Elite%
G,1,Raya,6.0,5.8,Arsenal,93,4.34,92,3.91,90,3.90,89,3.89,89,3.63,90,3.53,88,3.73,88,3.69,87,3.76,86,3.97,0.72
G,2,Arrizabalaga,4.2,4.2,Arsenal,2,0.10,3,0.14,5,0.19,5,0.24,5,0.22,5,0.21,7,0.29,7,0.30,7,0.32,9,0.43,0.00
G,3,Hein,4.0,4.0,Arsenal,0,0.00,0,0.00,0,0.00,0,0.00,0,0.00,0,0.00,0,0.00,0,0.00,0,0.00,0,0.00,0.00
G,4,Setford,3.9,3.9,Arsenal,0,0.00,0,0.00,0,0.00,0,0.00,0,0.00,0,0.00,0,0.00,0,0.00,0,0.00,0,0.00,0.00
D,5,Gabriel,6.3,6.3,Arsenal,0,0.00,40,2.12,73,3.77,83,4.29,82,4.01,82,3.77,82,4.20,81,4.02,79,4.17,79,4.57,0.00
D,6,Saliba,6.0,6.0,Arsenal,76,4.24,88,4.20,85,4.03,86,4.06,82,3.59,82,3.45,80,3.73,77,3.56,78,3.80,78,4.17,0.02
D,7,Calafiori,5.8,5.8,Arsenal,0,0.00,73,3.87,69,3.81,64,3.56,64,3.19,62,3.03,58,3.08,60,3.16,59,3.28,59,3.75,0.01
D,8,J.Timber,6.5,6.5,Arsenal,89,5.66,84,4.24,79,4.21,78,4.16,78,3.62,76,3.51,77,3.83,76,3.80,74,3.88,74,4.56,0.49
D,9,Kiwior,5.4,5.4,Arsenal,0,0.00,0,0.00,0,0.00,0,0.00,0,0.00,0,0.00,0,0.00,0,0.00,0,0.00,0,0.00,0.00
D,10,Lewis-Skelly,5.1,5.1,Arsenal,64,3.74,13,0.52,12,0.52,11,0.47,12,0.48,13,0.54,13,0.55,12,0.52,15,0.65,13,0.59,0.00
D,11,White,5.3,5.3,Arsenal,54,3.18,24,1.13,24,1.18,23,1.15,23,1.06,26,1.20,22,1.05,21,1.05,21,1.06,22,1.24,0.00
D,12,Zinchenko,4.9,4.9,Nott'm Forest,26,1.07,63,2.25,66,1.84,65,2.77,53,1.74,52,2.17,0,0.00,40,1.46,39,1.64,41,1.63,0.00
D,13,Clarke,3.8,3.8,Arsenal,2,0.07,0,0.00,0,0.00,0,0.00,0,0.00,0,0.00,0,0.00,0,0.00,0,0.00,0,0.00,0.00
D,14,Kacurri,3.9,3.9,Arsenal,0,0.00,0,0.00,0,0.00,0,0.00,0,0.00,0,0.00,0,0.00,0,0.00,0,0.00,0,0.00,0.00
D,15,Nichols,3.8,3.8,Arsenal,2,0.07,0,0.00,0,0.00,0,0.00,0,0.00,0,0.00,0,0.00,0,0.00,0,0.00,0,0.00,0.00
M,16,Saka,10.1,10.1,Arsenal,83,6.72,82,4.83,79,5.42,78,5.21,77,4.78,78,4.87,76,4.74,75,4.97,76,4.64,74,5.36,0.72
M,17,Ødegaard,7.8,7.8,Arsenal,65,4.10,64,3.19,65,3.60,65,3.49,65,3.28,64,3.24,63,3.27,62,3.40,63,3.25,63,3.67,0.00
M,18,Madueke,6.8,6.8,Arsenal,33,2.27,28,1.58,27,1.66,30,1.80,28,1.59,28,1.61,28,1.59,27,1.63,28,1.64,30,1.88,0.00
M,19,Martinelli,6.8,6.8,Arsenal,19,1.45,18,1.10,18,1.21,18,1.18,19,1.17,20,1.22,20,1.25,20,1.32,21,1.32,19,1.28,0.00
M,20,Trossard,6.9,6.9,Arsenal,30,2.18,35,1.97,37,2.35,35,2.15,36,2.10,34,1.96,37,2.11,34,2.12,33,1.98,34,2.27,0.00
M,21,Rice,7.1,7.1,Arsenal,85,4.73,83,3.80,81,4.08,79,3.88,77,3.65,76,3.52,77,3.72,77,3.84,75,3.58,76,4.03,0.01
M,22,Merino,6.0,6.0,Arsenal,61,4.07,49,2.45,37,2.12,36,2.06,35,1.86,35,1.88,33,1.79,33,1.90,35,1.86,34,2.04,0.00
M,23,Fábio Vieira,5.4,5.4,Arsenal,0,0.00,0,0.00,0,0.00,0,0.00,0,0.00,0,0.00,0,0.00,0,0.00,0,0.00,0,0.00,0.00
M,24,Nørgaard,5.2,5.2,Arsenal,16,0.75,11,0.46,11,0.48,11,0.46,11,0.47,11,0.46,12,0.50,11,0.47,10,0.46,10,0.45,0.00
M,25,Nwaneri,5.1,5.1,Arsenal,12,0.74,9,0.54,8,0.52,8,0.51,8,0.50,8,0.51,8,0.50,9,0.56,8,0.52,8,0.55,0.00
M,26,Zubimendi,5.3,5.3,Arsenal,82,3.55,80,3.01,76,2.99,73,2.83,74,2.85,76,2.85,74,2.85,72,2.82,73,2.82,72,3.01,0.00
M,27,Nelson,4.8,4.8,Brentford,40,2.14,59,3.01,59,3.13,57,3.02,41,1.97,43,2.35,35,1.54,29,1.60,30,1.45,27,1.31,0.00
M,28,Kabia,4.5,4.5,Arsenal,0,0.00,0,0.00,0,0.00,0,0.00,0,0.00,0,0.00,0,0.00,0,0.00,0,0.00,0,0.00,0.00
M,29,Sambi,4.5,4.5,Arsenal,0,0.00,0,0.00,0,0.00,0,0.00,0,0.00,0,0.00,0,0.00,0,0.00,0,0.00,0,0.00,0.00
F,30,Havertz,7.3,7.3,Arsenal,0,0.00,28,1.44,50,2.86,56,3.09,51,2.67,46,2.51,47,2.54,41,2.40,43,2.32,41,2.47,0.00
F,31,G.Jesus,6.4,6.4,Arsenal,2,0.17,2,0.16,1,0.14,2,0.17,3,0.23,4,0.36,5,0.37,6,0.49,7,0.54,9,0.68,0.00
G,32,Martinez,5.1,5.1,Aston Villa,93,3.63,92,3.35,92,2.93,91,2.81,90,3.67,89,3.14,90,3.71,89,2.96,90,3.53,90,3.19,0.00
G,33,M.Bizot,4.3,4.3,Aston Villa,2,0.07,3,0.12,3,0.10,4,0.12,5,0.19,6,0.20,5,0.18,6,0.18,5,0.21,5,0.17,0.00
G,34,Gauci,4.0,4.0,Aston Villa,0,0.00,0,0.00,0,0.00,0,0.00,0,0.00,0,0.00,0,0.00,0,0.00,0,0.00,0,0.00,0.00
G,35,Marschall,4.0,4.0,Aston Villa,0,0.00,0,0.00,0,0.00,0,0.00,0,0.00,0,0.00,0,0.00,0,0.00,0,0.00,0,0.00,0.00
D,36,Cash,4.7,4.7,Aston Villa,86,3.96,82,3.28,77,2.41,72,2.14,70,3.43,76,2.91,76,3.70,75,2.62,75,3.50,76,2.84,0.00
D,37,Digne,4.5,4.5,Aston Villa,38,1.88,39,1.73,39,1.36,39,1.28,41,2.12,39,1.62,39,1.99,41,1.56,39,2.00,40,1.65,0.00
D,38,Konsa,4.4,4.4,Aston Villa,92,3.59,90,3.07,90,2.45,88,2.37,87,3.67,86,2.93,85,3.57,87,2.65,86,3.38,86,2.81,0.00
D,39,Maatsen,4.2,4.2,Aston Villa,59,2.89,58,2.52,58,1.90,56,1.80,54,2.75,55,2.25,55,2.77,54,2.00,55,2.76,54,2.16,0.00
D,40,Mings,4.3,4.3,Aston Villa,0,0.00,0,0.00,0,0.00,3,0.10,9,0.39,16,0.63,24,1.09,24,0.86,22,0.96,24,0.91,0.00
D,41,Pau,4.3,4.3,Aston Villa,90,3.60,87,3.06,85,2.44,83,2.34,81,3.44,80,2.79,76,3.29,75,2.40,76,3.08,75,2.58,0.00
D,42,A.García,3.9,3.9,Aston Villa,4,0.21,7,0.29,10,0.34,12,0.40,12,0.53,10,0.38,9,0.38,9,0.33,9,0.41,9,0.34,0.00
D,43,Alex Moreno,4.0,4.0,Aston Villa,0,0.00,0,0.00,0,0.00,0,0.00,0,0.00,0,0.00,0,0.00,0,0.00,0,0.00,0,0.00,0.00
D,44,Bogarde,4.0,4.0,Aston Villa,5,0.21,9,0.33,12,0.36,15,0.44,15,0.61,13,0.46,11,0.43,10,0.33,12,0.46,10,0.36,0.00
D,45,Sousa,3.9,3.9,Aston Villa,0,0.00,0,0.00,0,0.00,0,0.00,0,0.00,0,0.00,0,0.00,0,0.00,0,0.00,0,0.00,0.00
D,46,Yasin,4.0,4.0,Aston Villa,0,0.00,0,0.00,0,0.00,0,0.00,0,0.00,0,0.00,0,0.00,0,0.00,0,0.00,0,0.00,0.00
M,47,Rogers,6.9,6.9,Aston Villa,86,4.24,85,3.95,83,3.20,80,2.77,77,3.89,79,3.25,79,3.71,78,3.17,77,3.75,75,3.27,0.00
M,48,Tielemans,5.9,5.9,Aston Villa,83,3.94,80,3.64,79,3.16,77,2.83,77,3.73,76,3.16,76,3.55,74,3.07,73,3.58,74,3.25,0.00
M,49,Bailey,5.5,5.5,Aston Villa,0,0.00,0,0.00,0,0.00,0,0.00,0,0.00,0,0.00,0,0.00,0,0.00,0,0.00,0,0.00,0.00
M,50,Buendía,5.3,5.3,Aston Villa,54,3.04,66,3.46,58,2.56,58,2.32,55,3.11,55,2.61,53,2.84,54,2.49,51,2.83,49,2.43,0.00
M,51,Iling Jr,5.5,5.5,Aston Villa,0,0.00,0,0.00,0,0.00,0,0.00,0,0.00,0,0.00,0,0.00,0,0.00,0,0.00,0,0.00,0.00
M,52,J.Ramsey,5.3,5.3,Newcastle,16,0.82,22,1.09,25,1.18,26,1.44,25,1.27,24,1.30,25,1.29,23,1.19,23,1.04,25,1.27,0.00
M,53,Malen,5.1,5.1,Aston Villa,37,2.50,47,2.88,41,2.09,43,1.95,42,2.81,40,2.20,42,2.65,38,2.16,40,2.63,37,2.19,0.00
M,54,McGinn,5.4,5.4,Aston Villa,71,3.46,76,3.51,71,2.73,68,2.42,62,3.02,66,2.78,67,3.12,65,2.65,65,3.11,66,2.82,0.00
M,55,Barkley,4.8,4.8,Aston Villa,0,0.00,0,0.00,0,0.00,0,0.00,0,0.00,0,0.00,0,0.00,0,0.00,0,0.00,8,0.39,0.00
M,56,Barrenechea,5.0,5.0,Aston Villa,0,0.00,0,0.00,0,0.00,0,0.00,0,0.00,0,0.00,0,0.00,0,0.00,0,0.00,0,0.00,0.00
M,57,Dobbin,5.0,5.0,Aston Villa,0,0.00,0,0.00,0,0.00,0,0.00,0,0.00,0,0.00,0,0.00,0,0.00,0,0.00,0,0.00,0.00
M,58,Kamara,4.9,4.9,Aston Villa,82,3.02,78,2.69,75,2.46,71,2.31,70,2.59,73,2.53,72,2.66,72,2.39,71,2.65,72,2.57,0.00
M,59,Onana,4.8,4.8,Aston Villa,31,1.34,39,1.59,39,1.47,42,1.52,42,1.79,41,1.61,40,1.68,42,1.59,44,1.85,43,1.70,0.00
M,60,Broggio,4.5,4.5,Aston Villa,0,0.00,0,0.00,0,0.00,0,0.00,0,0.00,0,0.00,0,0.00,0,0.00,0,0.00,0,0.00,0.00
M,61,Dendoncker,4.5,4.5,Aston Villa,0,0.00,0,0.00,0,0.00,0,0.00,0,0.00,0,0.00,0,0.00,0,0.00,0,0.00,0,0.00,0.00
M,62,Jimoh-Aloba,4.5,4.5,Aston Villa,0,0.00,4,0.25,2,0.13,3,0.20,2,0.18,2,0.17,2,0.15,2,0.12,2,0.13,1,0.10,0.00
M,63,Young,4.4,4.4,Aston Villa,0,0.00,0,0.00,0,0.00,0,0.00,0,0.00,0,0.00,0,0.00,0,0.00,0,0.00,0,0.00,0.00
F,64,Watkins,8.5,8.5,Aston Villa,71,4.46,75,4.44,72,3.44,71,3.05,70,4.43,70,3.47,66,3.93,66,3.39,67,4.11,66,3.59,0.00
F,65,Redmond,4.5,4.5,Aston Villa,0,0.00,0,0.00,0,0.00,0,0.00,0,0.00,0,0.00,0,0.00,0,0.00,0,0.00,0,0.00,0.00
G,66,Neto,4.5,4.5,Bournemouth,0,0.00,0,0.00,0,0.00,0,0.00,0,0.00,0,0.00,0,0.00,0,0.00,0,0.00,0,0.00,0.00
G,67,Petrović,4.5,4.5,Bournemouth,94,3.07,93,3.91,92,3.17,92,2.90,92,3.02,91,3.38,91,3.03,91,2.97,91,3.48,90,3.31,0.08
G,68,Dennis,4.0,4.0,Bournemouth,0,0.00,2,0.10,3,0.09,3,0.09,3,0.09,4,0.14,4,0.12,4,0.13,4,0.16,4,0.16,0.00
G,69,McKenna,4.0,4.0,Bournemouth,0,0.00,0,0.00,0,0.00,0,0.00,0,0.00,0,0.00,0,0.00,0,0.00,0,0.00,0,0.00,0.00
G,70,Paulsen,4.0,4.0,Bournemouth,0,0.00,0,0.00,0,0.00,0,0.00,0,0.00,0,0.00,0,0.00,0,0.00,0,0.00,0,0.00,0.00
D,71,Zabarnyi,5.0,5.0,Bournemouth,0,0.00,0,0.00,0,0.00,0,0.00,0,0.00,0,0.00,0,0.00,0,0.00,0,0.00,0,0.00,0.00
D,72,Senesi,5.0,4.8,Bournemouth,70,2.53,88,4.87,86,3.52,86,2.81,84,3.10,84,3.81,83,3.14,83,3.10,81,3.95,78,3.36,0.35
D,73,Smith,4.4,4.4,Bournemouth,64,1.91,60,3.12,59,2.12,59,1.61,58,1.88,55,2.28,55,1.76,56,1.82,56,2.39,57,2.23,0.00
D,74,Truffert,4.5,4.5,Bournemouth,89,2.65,84,4.61,82,2.91,77,2.05,77,2.46,81,3.44,81,2.56,79,2.59,79,3.49,79,3.16,0.03
D,75,Akinmboni,3.9,3.9,Bournemouth,0,0.00,0,0.00,2,0.04,3,0.05,3,0.08,4,0.11,4,0.10,3,0.08,4,0.13,3,0.09,0.00
D,76,Bevan,3.9,3.9,Bournemouth,3,0.08,1,0.05,2,0.05,2,0.06,2,0.07,4,0.13,3,0.10,4,0.11,3,0.11,3,0.11,0.00
D,77,Hill,4.0,4.0,Bournemouth,29,1.01,18,0.88,21,0.79,23,0.75,24,0.88,23,0.99,24,0.87,26,0.94,27,1.21,23,0.94,0.00
D,78,J.Araujo,3.8,3.8,Bournemouth,0,0.00,1,0.08,2,0.08,2,0.09,2,0.09,2,0.09,1,0.07,2,0.08,2,0.10,2,0.09,0.00
D,79,Mepham,4.0,4.0,Bournemouth,0,0.00,0,0.00,0,0.00,0,0.00,0,0.00,0,0.00,0,0.00,0,0.00,0,0.00,0,0.00,0.00
D,80,Soler,4.0,4.0,Bournemouth,3,0.10,6,0.28,6,0.21,9,0.28,10,0.34,7,0.29,7,0.24,9,0.29,9,0.38,8,0.31,0.00
M,81,Kluivert,7.0,7.0,Bournemouth,52,2.64,55,3.95,54,2.90,54,2.53,50,2.36,50,3.07,47,2.42,47,2.58,50,2.91,49,2.83,0.00
M,82,Semenyo,7.6,7.6,Bournemouth,88,4.23,86,6.10,82,4.27,81,3.59,78,3.54,80,4.81,79,3.86,78,4.04,79,4.53,78,4.36,0.27
M,83,O.Dango,6.0,6.0,Brentford,85,5.08,0,0.00,0,0.00,0,0.00,35,1.79,35,2.08,55,2.46,72,4.11,71,3.30,72,3.35,0.00
M,84,Tavernier,5.5,5.5,Bournemouth,73,3.41,76,4.99,75,3.57,72,3.07,70,3.02,70,3.91,70,3.24,68,3.29,67,3.58,66,3.46,0.03
M,85,Adams,5.0,5.0,Bournemouth,88,3.19,76,3.16,73,2.75,70,2.46,67,2.39,66,2.62,66,2.45,65,2.43,63,2.54,66,2.52,0.00
M,86,Brooks,5.0,5.0,Bournemouth,36,1.71,42,2.62,41,2.04,41,1.83,39,1.69,36,1.97,38,1.81,35,1.76,34,1.85,36,1.85,0.00
M,87,Christie,4.9,4.9,Bournemouth,0,0.00,0,0.00,16,0.73,23,0.98,31,1.31,35,1.73,36,1.56,35,1.61,36,1.75,34,1.59,0.00
M,88,Cook,4.9,4.9,Bournemouth,0,0.00,45,1.97,44,1.70,45,1.63,43,1.55,43,1.77,42,1.61,43,1.66,41,1.70,43,1.71,0.00
M,89,Philip,4.9,4.9,Bournemouth,0,0.00,0,0.00,0,0.00,0,0.00,0,0.00,0,0.00,0,0.00,0,0.00,0,0.00,0,0.00,0.00
M,90,Scott,5.0,5.0,Bournemouth,81,3.23,67,3.33,60,2.57,56,2.15,54,2.02,53,2.41,53,2.12,51,2.12,53,2.42,52,2.23,0.00
M,91,Sinisterra,5.0,5.0,Bournemouth,0,0.00,0,0.00,0,0.00,0,0.00,0,0.00,0,0.00,0,0.00,0,0.00,0,0.00,0,0.00,0.00
M,92,Faivre,4.5,4.5,Bournemouth,0,0.00,0,0.00,0,0.00,0,0.00,0,0.00,0,0.00,0,0.00,0,0.00,0,0.00,0,0.00,0.00
M,93,H.Traorè,4.5,4.5,Bournemouth,0,0.00,0,0.00,0,0.00,0,0.00,0,0.00,0,0.00,0,0.00,0,0.00,0,0.00,0,0.00,0.00
M,94,Sadi,4.5,4.5,Bournemouth,0,0.00,0,0.00,0,0.00,0,0.00,0,0.00,0,0.00,0,0.00,0,0.00,0,0.00,0,0.00,0.00
M,95,Silcott-Duberry,4.4,4.4,Bournemouth,0,0.00,0,0.00,0,0.00,0,0.00,0,0.00,0,0.00,0,0.00,0,0.00,0,0.00,0,0.00,0.00
M,96,Winterburn,4.5,4.5,Bournemouth,0,0.00,0,0.00,0,0.00,0,0.00,0,0.00,0,0.00,0,0.00,0,0.00,0,0.00,0,0.00,0.00
F,97,Evanilson,7.0,7.0,Bournemouth,75,3.43,73,4.63,73,3.54,72,3.07,69,2.87,70,3.81,69,3.24,68,3.27,70,3.72,70,3.56,0.00
F,98,Enes Ünal,5.4,5.4,Bournemouth,8,0.51,12,0.85,12,0.67,15,0.75,13,0.67,13,0.77,13,0.68,12,0.71,11,0.64,12,0.72,0.00
F,99,Adu-Adjei,4.4,4.4,Bournemouth,0,0.00,0,0.00,0,0.00,0,0.00,0,0.00,0,0.00,0,0.00,0,0.00,0,0.00,0,0.00,0.00
F,100,Kroupi.Jr,4.6,4.6,Bournemouth,30,1.53,33,2.24,35,1.83,37,1.79,36,1.71,35,2.06,32,1.63,32,1.73,31,1.79,31,1.72,0.07
G,101,Kelleher,4.5,4.5,Brentford,94,3.71,93,3.61,92,3.41,92,3.47,92,3.34,90,3.68,90,2.80,90,3.51,90,3.08,90,2.90,0.04
G,102,Balcombe,4.0,4.0,Brentford,0,0.00,0,0.00,0,0.00,0,0.00,0,0.00,0,0.00,0,0.00,0,0.00,0,0.00,0,0.00,0.00
G,103,Cox,4.0,4.0,Brentford,0,0.00,0,0.00,0,0.00,0,0.00,0,0.00,0,0.00,0,0.00,1,0.04,1,0.04,0,0.00,0.00
G,104,Eyestone,3.9,3.9,Brentford,0,0.00,0,0.00,0,0.00,0,0.00,0,0.00,0,0.00,0,0.00,0,0.00,0,0.00,0,0.00,0.00
G,105,Valdimarsson,3.9,3.9,Brentford,0,0.00,1,0.05,3,0.10,3,0.12,2,0.09,4,0.17,4,0.13,4,0.14,4,0.14,4,0.13,0.00
D,106,Collins,4.9,4.9,Brentford,91,4.36,76,3.61,76,3.32,78,3.49,77,3.33,82,4.08,82,2.66,81,3.83,83,3.11,82,2.93,0.03
D,107,Lewis-Potter,4.8,4.8,Brentford,58,3.26,43,2.28,45,2.29,46,2.42,40,1.81,39,2.21,35,1.23,33,1.74,35,1.43,32,1.24,0.00
D,108,Ajer,4.4,4.4,Brentford,30,1.38,40,1.84,43,1.82,43,1.87,42,1.70,39,1.88,38,1.18,40,1.80,39,1.43,40,1.35,0.00
D,109,Henry,4.3,4.3,Brentford,22,0.91,22,0.88,26,0.99,26,1.05,26,0.94,29,1.27,27,0.77,25,1.05,27,0.89,27,0.83,0.00
D,110,Kayode,4.5,4.5,Brentford,89,3.74,86,3.49,84,3.13,81,3.20,80,2.78,79,3.48,80,2.05,79,3.19,79,2.38,78,2.21,0.00
D,111,Pinnock,4.3,4.3,Brentford,4,0.12,10,0.36,10,0.39,11,0.41,14,0.52,12,0.49,12,0.33,13,0.54,12,0.38,13,0.43,0.00
D,112,Roerslev,4.5,4.5,Brentford,0,0.00,0,0.00,0,0.00,0,0.00,0,0.00,0,0.00,0,0.00,0,0.00,0,0.00,0,0.00,0.00
D,113,Van den Berg,4.5,4.5,Brentford,91,4.10,88,3.98,85,3.52,84,3.57,82,3.33,82,3.91,82,2.51,80,3.63,81,2.81,80,2.65,0.09
D,114,Arthur,3.9,3.9,Brentford,0,0.00,0,0.00,0,0.00,0,0.00,0,0.00,0,0.00,0,0.00,0,0.00,0,0.00,0,0.00,0.00
D,115,Fredrick,4.0,4.0,Brentford,0,0.00,0,0.00,0,0.00,0,0.00,0,0.00,0,0.00,0,0.00,0,0.00,0,0.00,0,0.00,0.00
D,116,Hickey,4.0,4.0,Brentford,55,2.34,57,2.31,53,1.99,54,2.15,52,1.87,51,2.29,51,1.37,52,2.15,48,1.54,48,1.46,0.00
D,117,Ji-soo,3.9,3.9,Brentford,0,0.00,0,0.00,0,0.00,0,0.00,0,0.00,0,0.00,0,0.00,0,0.00,0,0.00,0,0.00,0.00
D,118,Meghoma,4.0,4.0,Brentford,0,0.00,0,0.00,0,0.00,0,0.00,0,0.00,0,0.00,0,0.00,0,0.00,0,0.00,0,0.00,0.00
M,119,Mbeumo,8.4,8.2,Man Utd,88,5.30,0,0.00,0,0.00,0,0.00,40,2.23,42,2.63,59,2.89,77,3.13,78,4.67,76,4.68,0.13
M,120,Schade,7.0,7.0,Brentford,0,0.00,82,4.75,80,4.72,79,4.72,78,3.85,77,4.69,75,3.38,74,4.43,76,3.62,75,3.63,0.02
M,121,Damsgaard,5.8,5.8,Brentford,79,4.22,77,3.96,74,3.93,73,3.90,73,3.37,70,3.79,70,2.92,71,3.77,70,3.10,70,3.09,0.00
M,122,Milambo,5.2,5.2,Brentford,0,0.00,0,0.00,0,0.00,0,0.00,0,0.00,0,0.00,0,0.00,0,0.00,0,0.00,0,0.00,0.00
M,123,Carvalho,4.8,4.8,Brentford,0,0.00,0,0.00,0,0.00,0,0.00,0,0.00,0,0.00,0,0.00,0,0.00,0,0.00,0,0.00,0.00
M,124,Henderson,5.0,5.0,Brentford,81,2.97,80,2.95,77,2.85,72,2.68,71,2.48,74,2.83,76,2.45,74,2.73,74,2.45,74,2.45,0.00
M,125,Janelt,4.9,4.9,Brentford,19,0.85,25,1.07,28,1.18,33,1.36,29,1.16,28,1.18,28,1.04,26,1.10,28,1.07,27,1.04,0.00
M,126,Jensen,4.9,4.9,Brentford,36,1.68,39,1.77,41,1.90,44,2.03,43,1.76,43,1.98,40,1.53,41,1.85,38,1.54,41,1.62,0.00
M,127,Nunes,4.9,4.9,Brentford,4,0.32,9,0.54,10,0.60,13,0.71,9,0.50,9,0.55,6,0.37,5,0.35,5,0.32,5,0.34,0.00
M,128,Onyeka,4.8,4.8,Brentford,7,0.34,0,0.00,0,0.00,0,0.00,8,0.32,7,0.31,10,0.39,14,0.60,13,0.52,14,0.55,0.00
M,129,Yarmoliuk,5.0,5.0,Brentford,67,2.64,68,2.65,65,2.55,62,2.43,60,2.21,63,2.55,63,2.15,59,2.33,60,2.13,60,2.16,0.00
M,130,Donovan,4.4,4.4,Brentford,0,0.00,0,0.00,0,0.00,0,0.00,0,0.00,0,0.00,0,0.00,0,0.00,0,0.00,0,0.00,0.00
M,131,Konak,4.3,4.3,Brentford,0,0.00,0,0.00,0,0.00,2,0.09,0,0.00,0,0.00,0,0.00,0,0.00,0,0.00,0,0.00,0.00
M,132,Maghoma,4.5,4.5,Brentford,0,0.00,2,0.11,3,0.16,4,0.20,3,0.15,3,0.15,2,0.13,2,0.14,3,0.14,2,0.12,0.00
M,133,Peart-Harris,4.4,4.4,Brentford,4,0.30,6,0.38,7,0.46,7,0.47,8,0.43,6,0.39,5,0.34,4,0.29,3,0.22,4,0.28,0.00
M,134,Trevitt,4.5,4.5,Brentford,0,0.00,0,0.00,0,0.00,0,0.00,0,0.00,0,0.00,0,0.00,0,0.00,0,0.00,0,0.00,0.00
F,135,Wissa,7.3,7.3,Newcastle,28,1.65,0,0.00,0,0.00,0,0.00,21,1.28,19,1.25,32,1.99,42,2.52,42,2.13,43,2.74,0.00
F,136,Thiago,6.9,6.5,Brentford,88,5.28,82,4.56,79,4.53,77,4.51,73,3.48,77,4.53,76,3.33,73,4.31,73,3.49,75,3.48,0.50
F,137,Morgan,4.4,4.4,Brentford,0,0.00,0,0.00,0,0.00,0,0.00,0,0.00,0,0.00,0,0.00,0,0.00,0,0.00,0,0.00,0.00
G,138,Steele,4.3,4.3,Brighton,1,0.03,2,0.08,3,0.09,4,0.15,4,0.17,4,0.11,3,0.13,3,0.13,3,0.14,4,0.16,0.00
G,139,Verbruggen,4.4,4.4,Brighton,94,2.87,93,3.81,92,2.77,91,3.43,91,3.89,91,2.67,91,3.38,92,3.33,91,3.60,90,3.40,0.12
G,140,McGill,4.0,4.0,Brighton,0,0.00,0,0.00,0,0.00,0,0.00,0,0.00,0,0.00,0,0.00,0,0.00,0,0.00,0,0.00,0.00
G,141,Rushworth,4.0,4.0,Brighton,0,0.00,0,0.00,0,0.00,0,0.00,0,0.00,0,0.00,0,0.00,0,0.00,0,0.00,0,0.00,0.00
G,142,Scherpen,4.0,4.0,Brighton,0,0.00,0,0.00,0,0.00,0,0.00,0,0.00,0,0.00,0,0.00,0,0.00,0,0.00,0,0.00,0.00
D,143,Boscagli,4.2,4.2,Brighton,10,0.33,15,0.69,20,0.63,26,1.15,24,1.25,20,0.59,21,0.91,21,0.82,23,1.07,23,1.01,0.00
D,144,Coppola,4.2,4.2,Brighton,2,0.09,5,0.23,9,0.27,13,0.55,13,0.65,10,0.28,10,0.41,11,0.40,11,0.45,12,0.49,0.00
D,145,De Cuyper,4.3,4.3,Brighton,53,2.10,37,2.26,36,1.30,39,2.12,37,2.58,36,1.19,36,1.98,36,1.77,36,2.10,37,1.99,0.01
D,146,Dunk,4.5,4.5,Brighton,89,2.29,84,3.72,80,2.13,75,2.99,75,3.67,77,1.72,78,3.00,78,2.80,77,3.23,76,2.96,0.00
D,147,Estupiñan,4.5,4.5,Brighton,0,0.00,0,0.00,0,0.00,0,0.00,0,0.00,0,0.00,0,0.00,0,0.00,0,0.00,0,0.00,0.00
D,148,F.Kadıoğlu,4.4,4.4,Brighton,83,2.10,77,3.59,73,1.84,67,2.74,69,3.61,71,1.52,69,2.70,70,2.48,70,2.98,71,2.77,0.00
D,149,Igor,4.5,4.5,West Ham,6,0.18,38,0.74,47,1.63,0,0.00,33,1.22,30,1.08,29,0.88,27,1.04,27,0.67,28,1.09,0.00
D,150,Lamptey,4.4,4.4,Brighton,0,0.00,0,0.00,0,0.00,0,0.00,0,0.00,0,0.00,0,0.00,0,0.00,0,0.00,0,0.00,0.00
D,151,Van Hecke,4.5,4.4,Brighton,91,2.60,89,4.26,84,2.42,77,3.25,79,4.10,84,2.10,82,3.39,82,3.16,81,3.63,80,3.30,0.11
D,152,Veltman,4.3,4.3,Brighton,25,0.77,29,1.37,26,0.79,27,1.18,27,1.37,21,0.60,21,0.86,22,0.82,23,1.04,24,1.01,0.00
D,153,Webster,4.4,4.4,Brighton,0,0.00,0,0.00,0,0.00,0,0.00,0,0.00,0,0.00,0,0.00,0,0.00,0,0.00,0,0.00,0.00
D,154,Cashin,4.0,4.0,Brighton,0,0.00,0,0.00,0,0.00,0,0.00,0,0.00,0,0.00,0,0.00,0,0.00,0,0.00,0,0.00,0.00
D,155,Slater,4.0,4.0,Brighton,0,0.00,0,0.00,0,0.00,0,0.00,0,0.00,0,0.00,0,0.00,0,0.00,0,0.00,0,0.00,0.00
D,156,Tasker,3.9,3.9,Brighton,0,0.00,0,0.00,0,0.00,0,0.00,0,0.00,0,0.00,0,0.00,0,0.00,0,0.00,0,0.00,0.00
M,157,Mitoma,6.1,6.1,Brighton,26,1.22,69,3.86,73,2.78,72,3.91,69,4.47,71,2.85,70,3.86,68,3.33,68,3.62,66,3.42,0.00
M,158,Georginio,5.6,5.6,Brighton,55,2.39,70,3.99,68,2.63,66,3.64,64,4.24,63,2.60,63,3.49,63,3.15,62,3.33,63,3.36,0.00
M,159,March,5.8,5.8,Brighton,0,0.00,0,0.00,6,0.27,9,0.53,11,0.69,14,0.65,14,0.81,14,0.72,14,0.79,15,0.84,0.00
M,160,Minteh,6.3,6.3,Brighton,86,3.75,82,4.54,79,3.03,76,4.15,75,4.82,75,3.10,73,4.05,75,3.69,74,3.98,74,3.85,0.70
M,161,Enciso,5.4,5.4,Brighton,0,0.00,0,0.00,0,0.00,0,0.00,0,0.00,0,0.00,0,0.00,0,0.00,0,0.00,0,0.00,0.00
M,162,Gruda,5.4,5.4,Brighton,44,2.03,39,2.27,40,1.67,41,2.31,42,2.72,40,1.74,39,2.23,38,1.90,39,2.17,38,2.05,0.00
M,163,Hinshelwood,5.1,5.1,Brighton,53,1.85,58,2.41,60,1.95,58,2.34,50,2.29,49,1.68,44,1.82,41,1.60,41,1.71,39,1.59,0.00
M,164,O'Riley,5.5,5.5,Brighton,0,0.00,0,0.00,0,0.00,0,0.00,0,0.00,0,0.00,0,0.00,0,0.00,0,0.00,0,0.00,0.00
M,165,Sima,5.4,5.4,Brighton,0,0.00,0,0.00,0,0.00,0,0.00,0,0.00,0,0.00,0,0.00,0,0.00,0,0.00,0,0.00,0.00
M,166,Ayari,4.9,4.9,Brighton,57,2.16,76,3.52,73,2.56,71,3.13,68,3.46,68,2.46,69,3.13,67,2.73,66,2.93,64,2.83,0.00
M,167,Baleba,4.7,4.7,Brighton,50,1.79,0,0.00,0,0.00,0,0.00,27,1.20,27,0.95,39,1.61,51,1.97,53,2.18,53,2.11,0.00
M,168,Buonanotte,4.6,4.6,Chelsea,8,0.53,6,0.40,4,0.32,6,0.45,5,0.35,6,0.41,7,0.52,8,0.49,7,0.56,6,0.47,0.00
M,169,Gomez,4.9,4.9,Brighton,46,1.96,46,2.31,47,1.83,49,2.39,46,2.58,48,1.98,47,2.42,45,2.15,44,2.24,46,2.29,0.00
M,170,Milner,4.9,4.9,Brighton,6,0.27,17,0.85,22,0.90,25,1.16,20,1.04,18,0.74,17,0.83,15,0.67,14,0.63,15,0.69,0.00
M,171,Sarmiento,4.9,4.9,Brighton,0,0.00,0,0.00,0,0.00,0,0.00,0,0.00,0,0.00,0,0.00,0,0.00,0,0.00,0,0.00,0.00
M,172,Watson,4.8,4.8,Brighton,11,0.60,7,0.46,6,0.35,7,0.46,7,0.53,6,0.36,6,0.41,6,0.39,6,0.44,7,0.46,0.00
M,173,Wieffer,4.9,4.9,Brighton,68,2.64,62,2.84,65,2.48,66,2.94,65,3.20,72,2.74,70,3.17,70,2.92,68,3.02,68,2.96,0.00
M,174,Yalcouye,5.0,5.0,Brighton,0,0.00,0,0.00,0,0.00,0,0.00,0,0.00,0,0.00,0,0.00,0,0.00,0,0.00,0,0.00,0.00
M,175,Knight,4.5,4.5,Brighton,0,0.00,0,0.00,0,0.00,0,0.00,0,0.00,0,0.00,0,0.00,0,0.00,0,0.00,0,0.00,0.00
M,176,Mazilu,4.5,4.5,Brighton,0,0.00,0,0.00,0,0.00,0,0.00,0,0.00,0,0.00,0,0.00,0,0.00,0,0.00,0,0.00,0.00
M,177,Moran,4.5,4.5,Brighton,0,0.00,0,0.00,0,0.00,0,0.00,0,0.00,0,0.00,0,0.00,0,0.00,0,0.00,0,0.00,0.00
F,178,Welbeck,6.6,6.6,Brighton,80,3.76,75,4.43,73,2.93,70,3.97,71,4.90,69,2.97,68,4.00,68,3.46,68,3.86,67,3.70,0.11
F,179,Ferguson,5.5,5.5,Brighton,0,0.00,0,0.00,0,0.00,0,0.00,0,0.00,0,0.00,0,0.00,0,0.00,0,0.00,0,0.00,0.00
F,180,Tzimas,5.3,5.3,Brighton,0,0.00,0,0.00,0,0.00,0,0.00,0,0.00,0,0.00,0,0.00,0,0.00,0,0.00,0,0.00,0.00
F,181,Kostoulas,4.8,4.8,Brighton,12,0.63,12,0.72,11,0.55,14,0.80,12,0.81,12,0.63,12,0.72,11,0.61,11,0.66,11,0.66,0.00
G,182,Trafford,4.6,4.6,Man City,0,0.00,8,0.35,4,0.16,7,0.29,8,0.30,3,0.11,3,0.12,3,0.12,3,0.10,3,0.11,0.00
G,183,Weiss,4.3,4.3,Burnley,0,0.00,2,0.06,2,0.09,3,0.09,4,0.11,4,0.11,4,0.11,4,0.15,5,0.16,5,0.18,0.00
G,184,Green,4.0,4.0,Burnley,0,0.00,0,0.00,0,0.00,0,0.00,0,0.00,0,0.00,0,0.00,0,0.00,0,0.00,0,0.00,0.00
G,185,Hladký,3.9,3.9,Burnley,0,0.00,0,0.00,0,0.00,0,0.00,0,0.00,0,0.00,0,0.00,0,0.00,0,0.00,0,0.00,0.00
D,186,Roberts,4.4,4.4,Burnley,0,0.00,0,0.00,0,0.00,0,0.00,0,0.00,0,0.00,0,0.00,0,0.00,0,0.00,0,0.00,0.00
D,187,Walker,4.4,4.4,Burnley,0,0.00,86,2.08,83,2.74,83,2.23,81,1.83,80,2.08,79,1.42,79,2.52,77,2.40,77,2.84,0.00
D,188,Delcroix,3.8,3.8,Burnley,7,0.18,2,0.04,3,0.09,3,0.07,2,0.04,3,0.06,2,0.03,0,0.00,0,0.00,0,0.00,0.00
D,189,Dodgson,4.0,4.0,Burnley,0,0.00,0,0.00,0,0.00,0,0.00,0,0.00,0,0.00,0,0.00,0,0.00,0,0.00,0,0.00,0.00
D,190,Ekdal,4.0,4.0,Burnley,63,2.30,82,2.51,79,3.12,79,2.58,55,1.55,55,1.68,44,1.10,31,1.14,31,1.19,30,1.28,0.00
D,191,Estève,3.9,3.9,Burnley,92,3.39,90,2.83,89,3.55,87,2.87,87,2.58,87,2.71,85,2.16,85,3.15,85,3.33,86,3.60,0.10
D,192,Hartman,4.0,4.0,Burnley,89,3.18,79,2.11,78,2.89,75,2.30,74,1.90,73,2.12,75,1.52,72,2.56,73,2.53,73,3.04,0.00
D,193,Humphreys,3.9,3.9,Burnley,0,0.00,0,0.00,0,0.00,2,0.04,4,0.07,8,0.22,11,0.21,9,0.24,11,0.31,12,0.42,0.00
D,194,Jordan,4.0,4.0,Burnley,0,0.00,0,0.00,0,0.00,0,0.00,0,0.00,0,0.00,5,0.09,8,0.24,9,0.25,10,0.33,0.00
D,195,Lucas Pires,3.8,3.8,Burnley,0,0.00,19,0.55,20,0.74,22,0.72,20,0.57,20,0.63,17,0.42,18,0.66,18,0.63,18,0.76,0.00
D,196,Sambo,4.0,4.0,Burnley,0,0.00,0,0.00,0,0.00,0,0.00,0,0.00,0,0.00,0,0.00,0,0.00,0,0.00,0,0.00,0.00
D,197,Sonne,3.9,3.9,Burnley,80,2.71,13,0.40,17,0.63,19,0.61,18,0.52,17,0.56,14,0.35,14,0.51,15,0.53,13,0.54,0.00
D,198,Tuanzebe,3.9,3.9,Burnley,36,1.18,0,0.00,0,0.00,0,0.00,39,0.97,38,1.00,56,1.17,74,2.40,74,2.44,74,2.71,0.00
D,199,Worrall,3.9,3.9,Burnley,4,0.10,6,0.14,8,0.23,9,0.25,5,0.11,7,0.16,3,0.04,2,0.04,1,0.03,1,0.04,0.00
M,200,Anthony,5.4,5.4,Burnley,58,2.77,62,2.67,60,2.80,61,2.69,59,2.45,56,2.60,54,2.11,52,2.54,54,2.40,53,2.83,0.00
M,201,Benson,5.4,5.4,Burnley,0,0.00,0,0.00,0,0.00,0,0.00,0,0.00,0,0.00,0,0.00,0,0.00,0,0.00,0,0.00,0.00
M,202,Bruun Larsen,5.3,5.3,Burnley,45,2.14,46,2.00,48,2.19,48,2.16,43,1.83,41,1.89,40,1.63,38,1.90,39,1.78,38,2.04,0.00
M,203,Boateng,4.8,4.8,Burnley,0,0.00,0,0.00,0,0.00,0,0.00,0,0.00,0,0.00,0,0.00,0,0.00,0,0.00,0,0.00,0.00
M,204,Churlinov,4.9,4.9,Burnley,0,0.00,0,0.00,0,0.00,0,0.00,0,0.00,0,0.00,0,0.00,0,0.00,0,0.00,0,0.00,0.00
M,205,Cullen,5.0,5.0,Burnley,88,3.08,87,2.96,85,3.01,85,2.87,82,2.67,82,2.80,81,2.53,80,2.88,79,2.74,79,3.07,0.00
M,206,Edwards,4.7,4.7,Burnley,12,0.63,18,0.88,22,1.09,21,1.05,17,0.83,19,0.98,16,0.73,16,0.87,15,0.73,17,0.94,0.00
M,207,Hannibal,4.8,4.8,Burnley,0,0.00,0,0.00,0,0.00,0,0.00,17,0.67,17,0.72,27,1.00,34,1.44,33,1.33,33,1.49,0.00
M,208,Koleosho,5.0,5.0,Burnley,0,0.00,0,0.00,0,0.00,0,0.00,0,0.00,0,0.00,0,0.00,0,0.00,0,0.00,0,0.00,0.00
M,209,Laurent,4.8,4.8,Burnley,37,1.38,43,1.55,46,1.69,47,1.68,38,1.35,39,1.45,31,1.09,28,1.09,27,1.01,28,1.13,0.00
M,210,Tchaouna,4.9,4.9,Burnley,53,2.41,57,2.27,54,2.40,54,2.29,51,2.04,49,2.12,49,1.88,48,2.24,46,1.97,47,2.40,0.00
M,211,A.Ramsey,4.4,4.4,Burnley,0,0.00,0,0.00,0,0.00,0,0.00,0,0.00,0,0.00,0,0.00,0,0.00,0,0.00,0,0.00,0.00
M,212,Adewumi,4.5,4.5,Burnley,0,0.00,0,0.00,0,0.00,0,0.00,0,0.00,0,0.00,0,0.00,0,0.00,0,0.00,0,0.00,0.00
M,213,Banel,4.5,4.5,Burnley,0,0.00,0,0.00,0,0.00,0,0.00,0,0.00,0,0.00,0,0.00,0,0.00,0,0.00,0,0.00,0.00
M,214,Trésor,4.4,4.4,Burnley,0,0.00,1,0.10,2,0.14,2,0.18,1,0.10,2,0.13,1,0.08,0,0.00,0,0.00,0,0.00,0.00
F,215,Flemming,5.3,5.3,Burnley,63,3.00,65,2.75,63,2.89,61,2.79,60,2.51,60,2.79,56,2.23,53,2.60,56,2.43,54,2.91,0.00
F,216,Amdouni,4.8,4.8,Burnley,0,0.00,0,0.00,0,0.00,0,0.00,0,0.00,0,0.00,0,0.00,0,0.00,0,0.00,0,0.00,0.00
F,217,Foster,5.0,5.0,Burnley,46,2.10,0,0.00,0,0.00,0,0.00,21,0.93,21,0.99,34,1.33,43,2.02,43,1.85,45,2.27,0.01
F,218,Barnes,4.3,4.3,Burnley,2,0.14,7,0.42,9,0.52,9,0.53,7,0.40,7,0.45,7,0.38,5,0.34,5,0.31,5,0.36,0.03
F,219,Obafemi,4.4,4.4,Burnley,0,0.00,0,0.00,0,0.00,0,0.00,0,0.00,0,0.00,0,0.00,0,0.00,0,0.00,0,0.00,0.00
G,220,Sánchez,4.8,4.8,Chelsea,91,3.73,89,3.05,88,3.38,88,3.38,88,2.70,86,3.19,86,3.39,86,3.19,86,3.54,86,3.46,0.03
G,221,Jörgensen,4.3,4.3,Chelsea,4,0.17,6,0.19,7,0.26,6,0.25,7,0.21,9,0.35,9,0.37,9,0.33,9,0.38,9,0.34,0.00
G,222,Penders,4.0,4.0,Chelsea,0,0.00,0,0.00,0,0.00,0,0.00,0,0.00,0,0.00,0,0.00,0,0.00,0,0.00,0,0.00,0.00
G,223,Slonina,3.9,3.9,Chelsea,0,0.00,0,0.00,0,0.00,0,0.00,0,0.00,0,0.00,0,0.00,0,0.00,0,0.00,0,0.00,0.00
D,224,Cucurella,6.2,6.2,Chelsea,83,4.24,82,3.02,74,3.46,73,3.49,72,2.06,73,3.22,74,3.69,73,2.98,74,4.12,72,3.66,0.00
D,225,James,5.6,5.6,Chelsea,76,4.18,63,2.61,64,3.36,60,3.23,62,1.97,60,2.89,58,3.25,58,2.55,60,3.80,58,3.29,0.00
D,226,Chalobah,5.2,5.2,Chelsea,80,3.80,77,2.88,73,3.23,72,3.23,71,2.09,73,3.15,70,3.20,70,2.87,70,3.49,69,3.36,0.00
D,227,Colwill,4.8,4.8,Chelsea,0,0.00,0,0.00,0,0.00,0,0.00,0,0.00,0,0.00,0,0.00,0,0.00,0,0.00,0,0.00,0.00
D,228,Gusto,4.9,4.9,Chelsea,62,3.03,37,1.40,36,1.65,39,1.85,38,1.11,38,1.61,40,1.94,41,1.66,39,2.06,40,1.92,0.00
D,229,B.Badiashile,4.4,4.4,Chelsea,12,0.47,12,0.43,13,0.50,14,0.57,14,0.41,14,0.54,16,0.65,17,0.62,17,0.76,17,0.72,0.00
D,230,Fofana,4.4,4.4,Chelsea,60,2.70,56,1.99,57,2.37,54,2.31,52,1.45,50,2.03,49,2.12,50,1.93,48,2.29,48,2.23,0.00
D,231,M.Sarr,4.5,4.5,Chelsea,0,0.00,0,0.00,0,0.00,0,0.00,0,0.00,0,0.00,0,0.00,0,0.00,0,0.00,0,0.00,0.00
D,232,Tosin,4.2,4.2,Chelsea,22,1.00,24,0.90,25,1.05,26,1.16,29,0.92,27,1.17,28,1.32,29,1.19,27,1.34,29,1.40,0.00
D,233,Acheampong,3.9,3.9,Chelsea,25,1.13,23,0.84,24,1.01,25,1.09,27,0.81,27,1.13,29,1.32,27,1.05,28,1.34,28,1.31,0.00
D,234,Anselmino,4.0,4.0,Chelsea,0,0.00,0,0.00,0,0.00,0,0.00,0,0.00,0,0.00,0,0.00,0,0.00,0,0.00,0,0.00,0.00
M,235,Palmer,10.3,10.3,Chelsea,87,5.74,85,4.85,82,5.53,79,5.73,79,3.87,79,4.77,78,5.58,78,4.48,77,6.40,77,5.38,0.00
M,236,Neto,7.3,7.3,Chelsea,74,3.98,68,3.30,68,3.73,66,3.78,63,2.72,64,3.26,62,3.67,63,3.11,61,4.05,61,3.51,0.00
M,237,Enzo,6.7,6.7,Chelsea,90,4.30,83,3.58,82,4.09,80,4.20,80,3.10,80,3.76,79,4.19,78,3.49,77,4.69,78,4.18,0.29
M,238,Estêvão,6.6,6.6,Chelsea,36,2.12,31,1.69,31,1.84,30,1.87,30,1.48,30,1.70,31,1.96,30,1.64,30,2.12,30,1.83,0.00
M,239,Gittens,6.1,6.1,Chelsea,19,1.17,18,1.00,18,1.04,19,1.18,19,0.99,19,1.07,21,1.35,20,1.11,21,1.44,21,1.28,0.00
M,240,Nkunku,5.9,5.9,Chelsea,0,0.00,0,0.00,0,0.00,0,0.00,0,0.00,0,0.00,0,0.00,0,0.00,0,0.00,0,0.00,0.00
M,241,Caicedo,5.8,5.8,Chelsea,0,0.00,87,3.31,83,3.36,82,3.50,82,2.96,82,3.31,81,3.35,82,3.29,81,3.53,80,3.41,0.00
M,242,Dewsbury-Hall,5.0,5.0,Everton,86,3.10,86,3.20,86,4.04,85,3.56,83,3.79,82,4.10,81,3.11,80,3.70,80,3.15,78,3.19,0.19
M,243,George,4.9,4.9,Chelsea,3,0.25,2,0.20,2,0.17,2,0.19,2,0.17,2,0.19,3,0.25,3,0.23,3,0.30,3,0.23,0.00
M,244,Lavia,4.9,4.9,Chelsea,0,0.00,7,0.28,16,0.66,19,0.79,20,0.74,22,0.83,23,0.91,19,0.75,21,0.86,23,0.90,0.00
M,245,Mudryk,4.9,4.9,Chelsea,0,0.00,0,0.00,0,0.00,0,0.00,0,0.00,0,0.00,0,0.00,0,0.00,0,0.00,0,0.00,0.00
M,246,Andrey Santos,4.5,4.5,Chelsea,49,2.31,20,0.90,15,0.69,17,0.81,17,0.73,18,0.82,16,0.81,19,0.87,20,1.08,19,0.93,0.00
M,247,D.Essugo,4.3,4.3,Chelsea,0,0.00,0,0.00,1,0.10,1,0.11,2,0.12,2,0.18,3,0.18,2,0.16,3,0.20,2,0.18,0.00
M,248,Paez,4.5,4.5,Chelsea,0,0.00,0,0.00,0,0.00,0,0.00,0,0.00,0,0.00,0,0.00,0,0.00,0,0.00,0,0.00,0.00
F,249,João Pedro,7.3,7.3,Chelsea,79,4.08,72,3.35,71,3.68,70,3.88,68,2.84,68,3.40,68,3.81,68,3.11,68,4.22,69,3.63,0.01
F,250,Delap,6.2,6.2,Chelsea,10,0.65,33,1.83,45,2.78,48,3.08,48,2.26,47,2.64,47,2.97,45,2.37,47,3.34,48,2.94,0.00
F,251,N.Jackson,6.5,6.5,Chelsea,0,0.00,0,0.00,0,0.00,0,0.00,0,0.00,0,0.00,0,0.00,0,0.00,0,0.00,0,0.00,0.00
F,252,Marc Guiu,4.2,4.2,Chelsea,19,1.24,15,0.96,11,0.77,10,0.71,13,0.71,12,0.77,12,0.85,13,0.81,13,1.01,12,0.82,0.50
G,253,Henderson,5.1,5.1,Crystal Palace,94,3.04,92,3.47,92,3.50,90,3.51,90,3.02,90,3.39,89,3.47,90,3.10,89,3.28,90,3.04,0.00
G,254,Benitez,4.0,4.0,Crystal Palace,0,0.00,3,0.11,3,0.12,5,0.22,5,0.16,5,0.20,6,0.23,5,0.16,6,0.23,5,0.17,0.00
G,255,Matthews,3.9,3.9,Crystal Palace,0,0.00,0,0.00,0,0.00,0,0.00,0,0.00,0,0.00,0,0.00,0,0.00,0,0.00,0,0.00,0.00
D,256,Muñoz,6.1,6.1,Crystal Palace,68,2.48,69,3.32,71,3.77,77,4.08,77,2.91,80,3.90,80,3.94,79,3.27,80,3.71,79,3.12,0.18
D,257,Lacroix,5.1,5.1,Crystal Palace,90,3.13,85,3.90,82,3.93,82,4.02,81,3.03,82,3.73,82,3.93,82,3.29,83,3.72,81,3.17,0.30
D,258,Mitchell,5.0,5.0,Crystal Palace,91,2.78,88,3.60,86,3.81,86,3.87,84,2.76,84,3.48,83,3.58,83,2.97,84,3.30,84,2.81,0.00
D,259,Sosa,4.8,4.8,Crystal Palace,4,0.19,9,0.39,12,0.56,12,0.56,12,0.47,12,0.55,12,0.54,11,0.47,11,0.51,11,0.44,0.00
D,260,Guéhi,5.2,5.2,Crystal Palace,92,2.92,90,3.82,87,3.94,87,3.93,87,2.95,86,3.60,86,3.77,85,3.08,86,3.56,86,3.01,0.01
D,261,Richards,4.6,4.6,Crystal Palace,88,2.92,84,3.68,81,3.64,80,3.68,78,2.86,81,3.46,76,3.52,77,2.91,76,3.28,74,2.78,0.24
D,262,Chadi Riad,4.0,4.0,Crystal Palace,0,0.00,0,0.00,0,0.00,0,0.00,5,0.14,5,0.15,10,0.37,13,0.42,12,0.43,15,0.51,0.00
D,263,Clyne,3.8,3.8,Crystal Palace,27,0.85,29,1.10,28,1.18,25,1.04,24,0.78,22,0.82,22,0.85,21,0.73,20,0.74,21,0.72,0.00
D,264,Holding,4.0,4.0,Crystal Palace,0,0.00,0,0.00,0,0.00,0,0.00,0,0.00,0,0.00,0,0.00,0,0.00,0,0.00,0,0.00,0.00
D,265,Kporha,4.0,4.0,Crystal Palace,0,0.00,0,0.00,1,0.04,2,0.08,2,0.06,0,0.00,0,0.00,0,0.00,0,0.00,0,0.00,0.00
M,266,Eze,7.8,7.8,Arsenal,57,3.81,56,2.90,53,3.06,51,2.93,50,2.67,50,2.72,49,2.69,52,2.98,49,2.71,51,3.15,0.00
M,267,Sarr,6.5,6.5,Crystal Palace,35,1.64,0,0.00,0,0.00,0,0.00,42,1.99,41,2.21,60,3.08,81,3.87,78,3.84,79,3.70,0.01
M,268,Doucouré,4.9,4.9,Crystal Palace,0,0.00,0,0.00,0,0.00,0,0.00,3,0.17,5,0.23,5,0.28,6,0.33,6,0.34,6,0.33,0.00
M,269,Esse,4.7,4.7,Crystal Palace,0,0.00,6,0.40,8,0.53,9,0.56,4,0.27,3,0.24,2,0.16,0,0.00,1,0.09,0,0.00,0.00
M,270,Hughes,4.7,4.7,Crystal Palace,21,0.85,28,1.13,30,1.27,31,1.27,25,1.00,25,1.04,22,0.93,20,0.82,21,0.88,21,0.88,0.00
M,271,Kamada,5.0,5.0,Crystal Palace,75,3.15,74,3.34,72,3.54,72,3.46,71,3.01,71,3.28,70,3.14,68,2.97,68,3.01,69,2.91,0.00
M,272,Lerma,4.9,4.9,Crystal Palace,28,1.07,37,1.48,39,1.63,40,1.61,35,1.34,35,1.40,32,1.28,30,1.19,31,1.24,31,1.21,0.00
M,273,Wharton,5.0,5.0,Crystal Palace,79,2.85,74,2.84,72,2.96,72,2.94,71,2.59,72,2.84,72,2.82,72,2.67,72,2.76,69,2.55,0.00
M,274,Agbinone,4.4,4.4,Crystal Palace,0,0.00,0,0.00,0,0.00,0,0.00,0,0.00,0,0.00,0,0.00,0,0.00,0,0.00,0,0.00,0.00
M,275,Ahamada,4.4,4.4,Crystal Palace,0,0.00,2,0.13,3,0.19,5,0.25,3,0.15,2,0.10,1,0.09,1,0.06,0,0.00,0,0.00,0.00
M,276,Devenny,4.3,4.3,Crystal Palace,19,0.95,29,1.47,33,1.76,33,1.74,24,1.15,22,1.16,16,0.85,14,0.74,13,0.66,13,0.67,0.00
M,277,Ebiowei,4.5,4.5,Crystal Palace,0,0.00,0,0.00,0,0.00,0,0.00,0,0.00,0,0.00,0,0.00,0,0.00,0,0.00,0,0.00,0.00
M,278,J.Rak-Sakyi,4.4,4.4,Crystal Palace,0,0.00,0,0.00,0,0.00,0,0.00,0,0.00,0,0.00,0,0.00,0,0.00,0,0.00,0,0.00,0.00
M,279,M.França,4.5,4.5,Crystal Palace,0,0.00,0,0.00,0,0.00,0,0.00,0,0.00,0,0.00,0,0.00,0,0.00,0,0.00,0,0.00,0.00
M,280,Ozoh,4.5,4.5,Crystal Palace,0,0.00,0,0.00,0,0.00,0,0.00,0,0.00,0,0.00,0,0.00,0,0.00,0,0.00,0,0.00,0.00
M,281,Rodney,4.4,4.4,Crystal Palace,0,0.00,0,0.00,0,0.00,0,0.00,0,0.00,0,0.00,0,0.00,0,0.00,0,0.00,0,0.00,0.00
M,282,Umeh,4.5,4.5,Crystal Palace,0,0.00,0,0.00,0,0.00,0,0.00,0,0.00,0,0.00,0,0.00,0,0.00,0,0.00,0,0.00,0.00
F,283,Mateta,8.0,7.8,Crystal Palace,83,4.21,85,4.61,83,5.21,82,5.03,77,4.02,77,4.47,74,4.08,72,3.93,72,3.97,71,3.72,0.53
F,284,Nketiah,5.4,5.4,Crystal Palace,49,2.22,61,2.87,60,3.15,59,3.10,48,2.19,48,2.50,45,2.17,39,1.92,40,1.96,40,1.92,0.00
F,285,Édouard,5.0,5.0,Crystal Palace,0,0.00,0,0.00,0,0.00,0,0.00,0,0.00,0,0.00,0,0.00,0,0.00,0,0.00,0,0.00,0.00
F,286,Marsh,4.5,4.5,Crystal Palace,0,0.00,0,0.00,0,0.00,0,0.00,0,0.00,0,0.00,0,0.00,0,0.00,0,0.00,0,0.00,0.00
G,287,Pickford,5.5,5.5,Everton,94,2.98,93,3.15,93,3.87,92,3.37,91,3.63,91,3.91,91,3.09,90,3.71,90,3.00,90,3.35,0.00
G,288,Travers,4.4,4.4,Everton,1,0.04,2,0.07,2,0.09,3,0.12,4,0.16,4,0.18,4,0.14,4,0.17,5,0.16,5,0.17,0.00
G,289,Tyrer,3.9,3.9,Everton,0,0.00,0,0.00,0,0.00,0,0.00,0,0.00,0,0.00,0,0.00,0,0.00,0,0.00,0,0.00,0.00
D,290,Branthwaite,5.3,5.3,Everton,0,0.00,0,0.00,0,0.00,0,0.00,0,0.00,0,0.00,38,1.44,78,3.82,79,2.94,78,3.30,0.00
D,291,Tarkowski,5.4,5.4,Everton,93,3.30,91,3.58,85,4.58,80,3.71,79,3.75,85,4.71,85,3.35,82,4.21,83,3.25,82,3.58,0.30
D,292,Mykolenko,4.9,4.9,Everton,89,2.46,85,2.75,82,3.73,80,3.01,77,3.19,79,3.90,78,2.54,79,3.49,78,2.54,78,2.85,0.00
D,293,O'Brien,4.9,4.9,Everton,77,2.25,83,2.75,82,3.85,80,3.13,75,3.16,73,3.63,69,2.36,66,2.97,67,2.20,67,2.47,0.00
D,294,Coleman,4.3,4.3,Everton,0,0.00,0,0.00,0,0.00,2,0.08,8,0.34,12,0.56,14,0.48,11,0.44,9,0.35,10,0.39,0.00
D,295,Keane,4.6,4.6,Everton,83,2.73,84,3.13,82,4.12,82,3.45,79,3.58,78,4.07,52,1.93,25,1.19,23,0.85,25,1.04,0.08
D,296,Patterson,4.4,4.4,Everton,9,0.27,22,0.78,24,1.10,26,1.03,21,0.89,18,0.84,13,0.46,10,0.43,10,0.35,10,0.37,0.00
D,297,Dixon,3.8,3.8,Everton,0,0.00,0,0.00,0,0.00,0,0.00,1,0.04,0,0.00,0,0.00,0,0.00,0,0.00,0,0.00,0.00
D,298,Welch,3.8,3.8,Everton,2,0.07,4,0.13,4,0.15,5,0.18,6,0.20,4,0.17,2,0.05,0,0.00,0,0.00,0,0.00,0.00
M,299,Ndiaye,6.5,6.5,Everton,83,3.68,0,0.00,0,0.00,0,0.00,38,2.27,38,2.54,57,2.79,73,4.41,74,3.63,75,3.76,0.13
M,300,McNeil,5.5,5.5,Everton,7,0.40,35,1.47,33,1.69,34,1.63,25,1.35,22,1.28,18,0.88,13,0.74,12,0.60,14,0.68,0.00
M,301,Alcaraz,5.2,5.2,Everton,27,1.22,63,2.51,60,3.08,58,2.65,46,2.34,46,2.54,39,1.76,32,1.73,33,1.53,32,1.53,0.00
M,302,Gana,5.4,5.4,Everton,82,2.90,0,0.00,0,0.00,0,0.00,40,1.63,35,1.53,54,1.97,72,2.88,75,2.70,73,2.71,0.00
M,303,Garner,5.0,5.0,Everton,85,3.00,69,2.44,69,2.91,72,2.77,71,2.88,77,3.43,77,2.80,74,3.06,73,2.72,75,2.77,0.00
M,304,Iroegbunam,4.8,4.8,Everton,33,1.19,66,2.32,59,2.39,56,2.13,44,1.74,42,1.77,33,1.23,28,1.16,29,1.07,27,1.04,0.00
M,305,Armstrong,4.5,4.5,Everton,0,0.00,0,0.00,0,0.00,0,0.00,0,0.00,0,0.00,0,0.00,0,0.00,0,0.00,0,0.00,0.00
M,306,Bates,4.4,4.4,Everton,0,0.00,0,0.00,1,0.10,0,0.00,0,0.00,0,0.00,0,0.00,0,0.00,0,0.00,0,0.00,0.00
M,307,Ebere,4.4,4.4,Everton,0,0.00,1,0.09,1,0.09,0,0.00,0,0.00,0,0.00,0,0.00,0,0.00,0,0.00,0,0.00,0.00
M,308,Heath,4.5,4.5,Everton,0,0.00,0,0.00,0,0.00,0,0.00,0,0.00,0,0.00,0,0.00,0,0.00,0,0.00,0,0.00,0.00
M,309,Metcalfe,4.5,4.5,Everton,0,0.00,0,0.00,0,0.00,0,0.00,0,0.00,0,0.00,0,0.00,0,0.00,0,0.00,0,0.00,0.00
F,310,Barry,5.7,5.7,Everton,62,2.59,65,2.82,64,3.53,64,3.13,61,3.21,61,3.51,59,2.67,57,3.00,58,2.63,57,2.62,0.00
F,311,Beto,5.1,5.1,Everton,36,1.76,38,1.86,37,2.33,37,2.08,37,2.23,36,2.42,36,1.86,36,2.17,35,1.77,35,1.85,0.00
F,312,Y.Chermiti,4.9,4.9,Everton,0,0.00,0,0.00,0,0.00,0,0.00,0,0.00,0,0.00,0,0.00,0,0.00,0,0.00,0,0.00,0.00
F,313,Sherif,4.4,4.4,Everton,0,0.00,0,0.00,0,0.00,0,0.00,0,0.00,0,0.00,0,0.00,0,0.00,0,0.00,0,0.00,0.00
G,314,Leno,4.9,4.9,Fulham,94,3.85,93,3.62,92,3.49,91,3.17,91,2.97,91,3.05,92,3.46,91,3.29,91,2.94,91,3.61,0.00
G,315,Benda,4.0,4.0,Fulham,0,0.00,0,0.00,0,0.00,0,0.00,0,0.00,0,0.00,0,0.00,0,0.00,0,0.00,0,0.00,0.00
D,316,Robinson,4.9,4.9,Fulham,0,0.00,14,0.64,35,1.53,50,1.84,53,1.90,54,1.91,52,2.19,49,1.99,50,1.61,52,2.38,0.00
D,317,Andersen,4.5,4.5,Fulham,92,4.70,90,4.23,88,4.00,86,3.40,85,3.24,86,3.28,87,3.89,86,3.69,86,3.09,86,4.27,0.86
D,318,Bassey,4.5,4.5,Fulham,89,3.78,0,0.00,0,0.00,0,0.00,42,1.25,38,1.18,56,2.02,77,2.68,77,2.17,76,3.12,0.00
D,319,Castagne,4.3,4.3,Fulham,14,0.63,28,1.28,28,1.22,27,0.99,23,0.84,23,0.83,24,0.99,20,0.84,22,0.75,23,1.05,0.00
D,320,Diop,4.3,4.3,Fulham,11,0.40,66,2.71,63,2.52,63,2.23,41,1.38,41,1.41,31,1.28,19,0.69,19,0.58,21,0.88,0.00
D,321,J.Cuenca,4.3,4.3,Fulham,11,0.45,40,1.80,41,1.78,41,1.56,26,0.94,27,0.98,20,0.84,15,0.59,15,0.50,14,0.60,0.00
D,322,Tete,4.5,4.5,Fulham,86,4.35,78,3.69,78,3.46,75,2.81,76,2.70,75,2.71,72,3.09,74,3.06,73,2.41,72,3.45,0.01
D,323,Amissah,3.8,3.8,Fulham,0,0.00,0,0.00,0,0.00,0,0.00,0,0.00,0,0.00,0,0.00,0,0.00,0,0.00,0,0.00,0.00
M,324,Iwobi,6.4,6.4,Fulham,81,3.89,0,0.00,0,0.00,0,0.00,40,1.70,37,1.57,57,2.48,74,3.26,73,2.88,74,3.27,0.00
M,325,Smith Rowe,5.6,5.6,Fulham,31,1.72,47,2.47,45,2.34,45,2.01,41,1.94,40,1.88,34,1.68,34,1.75,33,1.53,33,1.69,0.00
M,326,Adama,5.1,5.1,Fulham,9,0.57,26,1.41,25,1.37,22,1.09,15,0.79,16,0.81,11,0.56,10,0.54,10,0.54,10,0.54,0.00
M,327,Andreas,5.3,5.3,Fulham,0,0.00,0,0.00,0,0.00,0,0.00,0,0.00,0,0.00,0,0.00,0,0.00,0,0.00,0,0.00,0.00
M,328,Sessegnon,5.4,5.4,Fulham,80,3.49,76,3.27,64,2.80,57,2.27,49,2.00,49,2.00,47,1.99,46,1.91,44,1.74,44,1.87,0.00
M,329,Wilson,5.2,5.2,Fulham,67,3.81,76,4.28,73,4.02,73,3.37,65,3.25,65,3.25,61,3.17,59,3.18,58,2.74,58,3.17,0.00
M,330,Berge,4.9,4.9,Fulham,86,3.03,84,2.94,82,2.84,80,2.55,79,2.55,78,2.47,77,2.59,77,2.60,77,2.40,78,2.65,0.00
M,331,Cairney,4.8,4.8,Fulham,18,0.86,33,1.51,35,1.56,36,1.47,30,1.34,29,1.28,29,1.26,27,1.26,26,1.12,27,1.20,0.00
M,332,Lukić,5.0,5.0,Fulham,49,2.16,63,2.64,62,2.56,60,2.29,53,2.10,56,2.25,51,2.17,47,2.05,50,2.03,48,2.15,0.00
M,333,Godo,4.5,4.5,Fulham,0,0.00,0,0.00,0,0.00,0,0.00,0,0.00,0,0.00,0,0.00,0,0.00,0,0.00,0,0.00,0.00
M,334,Harris,4.5,4.5,Fulham,0,0.00,0,0.00,0,0.00,0,0.00,0,0.00,0,0.00,0,0.00,0,0.00,0,0.00,0,0.00,0.00
M,335,King,4.5,4.5,Fulham,54,2.56,64,3.01,65,2.92,64,2.54,55,2.29,57,2.35,56,2.34,51,2.25,53,2.11,51,2.29,0.04
M,336,Reed,4.3,4.3,Fulham,0,0.00,6,0.36,7,0.38,8,0.39,7,0.34,7,0.35,5,0.31,4,0.26,4,0.26,4,0.27,0.00
F,337,Raúl,6.2,6.2,Fulham,82,4.65,80,4.55,75,4.18,62,2.98,54,2.89,45,2.38,36,2.02,37,2.22,35,1.89,35,2.10,0.01
F,338,Muniz,5.4,5.4,Fulham,0,0.00,0,0.00,7,0.39,26,1.23,37,1.84,49,2.37,61,2.98,60,3.14,61,2.82,62,3.18,0.00
G,339,Meslier,4.2,4.2,Leeds,0,0.00,0,0.00,0,0.00,0,0.00,0,0.00,0,0.00,0,0.00,0,0.00,0,0.00,0,0.00,0.00
G,340,Cairns,3.9,3.9,Leeds,0,0.00,0,0.00,0,0.00,0,0.00,0,0.00,0,0.00,0,0.00,0,0.00,0,0.00,0,0.00,0.00
G,341,Darlow,3.9,3.9,Leeds,0,0.00,2,0.07,3,0.12,3,0.09,3,0.10,3,0.10,4,0.17,4,0.15,4,0.13,5,0.20,0.00
D,342,Bogle,4.4,4.4,Leeds,89,3.02,67,2.61,70,2.77,72,1.79,75,2.67,81,2.35,81,3.41,81,2.90,78,2.33,77,3.32,0.00
D,343,Struijk,4.3,4.3,Leeds,82,2.90,78,3.10,74,3.04,73,1.99,69,2.47,71,2.27,70,2.91,70,2.69,70,2.28,69,2.95,0.00
D,344,Bijol,3.9,3.9,Leeds,40,1.48,48,1.99,48,2.03,47,1.38,50,1.83,49,1.59,47,2.02,47,1.86,48,1.62,47,2.06,0.00
D,345,Bornauw,3.8,3.8,Leeds,6,0.15,11,0.35,15,0.54,15,0.38,17,0.57,15,0.45,17,0.69,18,0.66,17,0.54,18,0.72,0.00
D,346,Byram,3.9,3.9,Leeds,4,0.18,12,0.47,13,0.51,14,0.44,14,0.55,12,0.42,11,0.47,13,0.49,13,0.45,13,0.54,0.00
D,347,Gudmundsson,3.9,3.9,Leeds,83,2.98,79,3.31,77,3.18,74,1.97,72,2.69,71,2.20,72,3.19,71,2.68,72,2.28,72,3.22,0.05
D,348,Rodon,4.1,4.0,Leeds,92,3.31,87,3.45,85,3.56,84,2.43,82,2.94,83,2.69,81,3.35,80,3.21,82,2.74,83,3.48,0.37
D,349,Schmidt,4.0,4.0,Leeds,0,0.00,0,0.00,0,0.00,0,0.00,0,0.00,0,0.00,0,0.00,0,0.00,0,0.00,0,0.00,0.00
M,350,Aaronson,5.4,5.4,Leeds,41,1.92,42,2.01,37,1.79,37,1.59,38,1.87,34,1.57,35,1.78,33,1.53,36,1.53,33,1.78,0.00
M,351,Gnonto,5.2,5.2,Leeds,34,1.75,35,1.79,31,1.60,32,1.43,30,1.60,30,1.46,32,1.77,31,1.50,30,1.37,30,1.68,0.00
M,352,Harrison,5.1,5.1,Leeds,9,0.52,16,0.78,15,0.77,15,0.71,15,0.80,15,0.71,14,0.73,15,0.71,16,0.73,14,0.76,0.00
M,353,James,5.3,5.3,Leeds,0,0.00,0,0.00,0,0.00,0,0.00,0,0.00,0,0.00,0,0.00,0,0.00,0,0.00,12,0.70,0.00
M,354,Ampadu,4.9,4.9,Leeds,83,2.90,60,2.19,61,2.27,65,2.21,65,2.35,68,2.37,67,2.50,66,2.40,67,2.32,66,2.49,0.00
M,355,Greenwood,4.9,4.9,Leeds,0,0.00,0,0.00,0,0.00,0,0.00,0,0.00,0,0.00,0,0.00,0,0.00,0,0.00,0,0.00,0.00
M,356,Gruev,4.8,4.8,Leeds,40,1.39,51,1.76,42,1.46,36,1.17,33,1.15,29,0.98,32,1.16,29,1.03,31,1.02,31,1.13,0.00
M,357,Ramazani,4.9,4.9,Leeds,0,0.00,0,0.00,0,0.00,0,0.00,0,0.00,0,0.00,0,0.00,0,0.00,0,0.00,0,0.00,0.00
M,358,Tanaka,4.8,4.8,Leeds,69,2.53,71,2.65,61,2.35,54,1.89,50,1.90,46,1.69,46,1.84,47,1.76,47,1.69,46,1.82,0.00
M,359,Crew,4.5,4.5,Leeds,0,0.00,0,0.00,0,0.00,0,0.00,0,0.00,0,0.00,0,0.00,0,0.00,0,0.00,0,0.00,0.00
M,360,Gelhardt,4.5,4.5,Leeds,0,0.00,0,0.00,0,0.00,0,0.00,0,0.00,0,0.00,0,0.00,0,0.00,0,0.00,0,0.00,0.00
M,361,Gyabi,4.5,4.5,Leeds,0,0.00,0,0.00,0,0.00,0,0.00,0,0.00,0,0.00,0,0.00,0,0.00,0,0.00,0,0.00,0.00
F,362,Piroe,5.0,5.0,Leeds,23,1.26,20,1.12,17,0.94,18,0.93,17,0.98,18,0.94,18,1.06,19,1.01,19,0.97,18,1.08,0.00
F,363,Bamford,4.9,4.9,Leeds,0,0.00,0,0.00,0,0.00,0,0.00,0,0.00,0,0.00,0,0.00,0,0.00,0,0.00,0,0.00,0.00
F,364,Mateo Joseph,5.0,5.0,Leeds,0,0.00,0,0.00,0,0.00,0,0.00,0,0.00,0,0.00,0,0.00,0,0.00,0,0.00,0,0.00,0.00
F,365,Nmecha,5.0,5.0,Leeds,26,1.25,47,2.36,61,2.90,58,2.50,57,2.94,60,2.70,58,3.01,58,2.65,56,2.35,57,3.08,0.00
G,366,A.Becker,5.4,5.4,Liverpool,94,3.66,90,3.36,87,3.80,85,3.57,84,3.25,82,2.78,82,3.69,82,3.06,83,3.19,83,2.85,0.00
G,367,Mamardashvili,4.3,4.3,Liverpool,1,0.05,5,0.17,8,0.35,10,0.41,11,0.41,12,0.40,12,0.53,12,0.44,11,0.42,12,0.40,0.00
G,368,Pécsi,3.9,3.9,Liverpool,0,0.00,0,0.00,0,0.00,0,0.00,0,0.00,0,0.00,0,0.00,0,0.00,0,0.00,0,0.00,0.00
G,369,Woodman,3.9,3.9,Liverpool,0,0.00,0,0.00,0,0.00,0,0.00,0,0.00,0,0.00,0,0.00,0,0.00,0,0.00,0,0.00,0.00
D,370,Frimpong,5.7,5.7,Liverpool,35,1.59,56,2.50,63,3.77,63,3.53,59,2.64,60,1.91,59,3.67,57,2.33,56,2.57,55,2.02,0.00
D,371,Kerkez,5.6,5.6,Liverpool,50,2.16,49,1.98,48,2.56,46,2.32,47,1.96,45,1.42,46,2.61,47,1.85,45,1.91,45,1.55,0.00
D,372,Robertson,5.8,5.8,Liverpool,47,2.19,44,1.86,45,2.57,46,2.48,45,1.93,45,1.49,45,2.71,43,1.79,45,2.06,46,1.67,0.00
D,373,Virgil,6.0,6.0,Liverpool,91,4.22,88,3.94,83,4.65,82,4.27,81,3.67,82,3.05,81,4.72,81,3.56,82,3.76,83,3.19,0.72
D,374,Konaté,5.4,5.4,Liverpool,86,3.66,83,3.39,80,4.11,79,3.79,77,3.34,75,2.61,74,3.95,74,3.00,76,3.22,76,2.70,0.00
D,375,Bradley,5.0,5.0,Liverpool,0,0.00,48,2.03,43,2.41,45,2.37,43,1.82,43,1.42,41,2.42,42,1.72,40,1.80,42,1.52,0.00
D,376,Gomez,4.9,4.9,Liverpool,39,1.64,23,0.90,27,1.29,28,1.28,30,1.22,29,0.95,32,1.67,33,1.26,30,1.23,29,1.01,0.00
D,377,Tsimikas,4.8,4.8,Liverpool,0,0.00,0,0.00,0,0.00,0,0.00,0,0.00,0,0.00,0,0.00,0,0.00,0,0.00,0,0.00,0.00
D,378,Nallo,3.8,3.8,Liverpool,0,0.00,0,0.00,0,0.00,0,0.00,0,0.00,0,0.00,0,0.00,0,0.00,0,0.00,0,0.00,0.00
D,379,R.Williams,3.8,3.8,Liverpool,1,0.04,0,0.00,1,0.04,2,0.06,2,0.07,3,0.07,2,0.08,2,0.06,2,0.06,2,0.04,0.00
D,380,Ramsay,3.8,3.8,Liverpool,0,0.00,0,0.00,0,0.00,0,0.00,0,0.00,0,0.00,0,0.00,0,0.00,0,0.00,0,0.00,0.00
M,381,M.Salah,14.0,14.0,Liverpool,51,3.83,0,0.00,0,0.00,0,0.00,29,1.93,27,1.36,43,4.10,54,3.58,55,3.95,55,3.46,0.01
M,382,Wirtz,8.0,8.0,Liverpool,63,3.77,67,3.77,64,4.56,63,4.18,62,3.50,60,2.60,60,4.46,58,3.16,57,3.37,57,2.94,0.00
M,383,Luis Díaz,8.0,8.0,Liverpool,0,0.00,0,0.00,0,0.00,0,0.00,0,0.00,0,0.00,0,0.00,0,0.00,0,0.00,0,0.00,0.00
M,384,Gakpo,7.5,7.5,Liverpool,64,3.83,67,3.86,65,4.75,63,4.26,61,3.47,59,2.64,58,4.46,55,3.07,55,3.34,56,2.98,0.01
M,385,Chiesa,6.3,6.3,Liverpool,11,0.76,20,1.28,24,1.84,23,1.63,19,1.20,21,1.04,17,1.36,17,1.05,16,1.03,15,0.90,0.00
M,386,Mac Allister,6.3,6.3,Liverpool,62,2.95,61,2.83,62,3.47,62,3.24,60,2.78,59,2.28,57,3.24,59,2.71,57,2.69,57,2.39,0.00
M,387,Szoboszlai,6.6,6.6,Liverpool,83,4.34,66,3.41,66,4.28,72,4.31,68,3.40,75,3.06,73,4.82,71,3.65,73,3.91,73,3.46,0.03
M,388,C.Jones,5.4,5.4,Liverpool,30,1.45,30,1.38,32,1.76,30,1.52,31,1.41,30,1.20,31,1.70,31,1.43,31,1.50,32,1.38,0.00
M,389,Elliott,5.3,5.3,Aston Villa,4,0.36,14,0.78,8,0.48,12,0.56,10,0.63,10,0.55,10,0.59,9,0.52,8,0.53,7,0.46,0.00
M,390,Gravenberch,5.6,5.6,Liverpool,84,3.34,81,3.21,77,3.52,75,3.25,76,2.95,77,2.66,75,3.50,75,3.00,75,2.99,75,2.74,0.00
M,391,Gannon-Doak,4.9,4.9,Bournemouth,0,0.00,0,0.00,0,0.00,0,0.00,0,0.00,0,0.00,0,0.00,0,0.00,0,0.00,0,0.00,0.00
M,392,Endo,4.9,4.9,Liverpool,5,0.24,6,0.28,7,0.33,9,0.39,7,0.30,7,0.28,8,0.37,7,0.31,7,0.30,8,0.32,0.00
M,393,Bajcetic,4.3,4.3,Liverpool,0,0.00,0,0.00,3,0.22,5,0.31,5,0.31,6,0.31,6,0.34,5,0.29,5,0.30,4,0.27,0.00
M,394,McConnell,4.4,4.4,Liverpool,0,0.00,0,0.00,0,0.00,0,0.00,0,0.00,0,0.00,0,0.00,0,0.00,0,0.00,0,0.00,0.00
M,395,Morton,4.5,4.5,Liverpool,0,0.00,0,0.00,0,0.00,0,0.00,0,0.00,0,0.00,0,0.00,0,0.00,0,0.00,0,0.00,0.00
M,396,Nyoni,4.3,4.3,Liverpool,0,0.00,0,0.00,0,0.00,0,0.00,0,0.00,0,0.00,0,0.00,0,0.00,0,0.00,0,0.00,0.00
F,397,Darwin,6.5,6.5,Liverpool,0,0.00,0,0.00,0,0.00,0,0.00,0,0.00,0,0.00,0,0.00,0,0.00,0,0.00,0,0.00,0.00
F,398,Danns,4.3,4.3,Liverpool,0,0.00,0,0.00,0,0.00,0,0.00,0,0.00,0,0.00,0,0.00,0,0.00,0,0.00,0,0.00,0.00
G,399,Ederson M.,5.3,5.3,Man City,0,0.00,0,0.00,0,0.00,0,0.00,0,0.00,0,0.00,0,0.00,0,0.00,0,0.00,0,0.00,0.00
G,400,Ortega Moreno,4.8,4.8,Man City,0,0.00,0,0.00,0,0.00,0,0.00,0,0.00,0,0.00,0,0.00,0,0.00,0,0.00,0,0.00,0.00
G,401,Bettinelli,3.9,3.9,Man City,0,0.00,0,0.00,0,0.00,0,0.00,0,0.00,0,0.00,0,0.00,0,0.00,0,0.00,0,0.00,0.00
D,402,Aït-Nouri,5.7,5.7,Man City,30,1.39,0,0.00,0,0.00,0,0.00,20,1.00,18,0.99,28,1.28,37,2.41,37,1.84,38,1.56,0.00
D,403,Gvardiol,5.8,5.8,Man City,82,3.65,78,4.31,77,3.67,75,3.83,75,3.32,73,3.47,72,2.91,71,3.97,70,3.15,71,2.61,0.02
D,404,Akanji,5.4,5.4,Man City,0,0.00,0,0.00,0,0.00,0,0.00,0,0.00,0,0.00,0,0.00,0,0.00,0,0.00,0,0.00,0.00
D,405,Aké,5.3,5.3,Man City,9,0.35,19,0.96,20,0.88,23,1.02,19,0.77,22,0.98,20,0.76,18,0.90,18,0.77,18,0.63,0.00
D,406,Khusanov,5.4,5.4,Man City,9,0.32,16,0.72,18,0.74,21,0.88,21,0.83,22,0.92,21,0.79,19,0.93,21,0.85,19,0.66,0.00
D,407,Matheus N.,5.3,5.3,Man City,79,3.34,75,4.26,72,3.29,72,3.47,69,2.88,68,3.20,69,2.64,64,3.67,66,2.80,67,2.24,0.00
D,408,Rúben,5.6,5.6,Man City,82,3.22,79,3.90,77,3.30,75,3.39,72,2.75,71,3.02,72,2.54,73,3.75,72,2.88,73,2.37,0.00
D,409,Stones,5.4,5.4,Man City,15,0.60,21,1.00,23,0.98,24,1.08,24,0.98,26,1.12,26,0.99,27,1.37,27,1.15,26,0.91,0.00
D,410,Lewis,4.7,4.7,Man City,13,0.53,16,0.84,18,0.78,20,0.89,20,0.81,20,0.91,19,0.72,21,1.14,20,0.85,20,0.70,0.00
D,411,O’Reilly,5.2,5.2,Man City,74,3.44,81,5.15,80,4.03,77,4.13,72,3.36,71,3.78,66,2.83,65,4.12,62,2.99,62,2.37,0.15
D,412,Vitor Reis,5.0,5.0,Man City,0,0.00,0,0.00,0,0.00,0,0.00,0,0.00,0,0.00,0,0.00,0,0.00,0,0.00,0,0.00,0.00
M,413,Marmoush,8.3,8.3,Man City,28,1.91,0,0.00,0,0.00,0,0.00,17,1.30,19,1.55,28,2.01,38,3.58,37,2.68,38,2.45,0.00
M,414,Foden,8.5,8.3,Man City,80,4.53,77,6.35,75,4.75,71,4.70,70,4.31,72,5.02,74,4.31,73,5.74,73,4.46,73,3.81,0.75
M,415,Savinho,6.9,6.9,Man City,29,1.62,37,2.61,38,2.15,38,2.18,33,1.92,34,2.17,31,1.76,30,2.15,29,1.69,29,1.55,0.00
M,416,Bernardo,6.2,6.2,Man City,55,2.40,50,2.86,52,2.48,49,2.40,51,2.36,53,2.65,52,2.35,49,2.71,53,2.40,52,2.13,0.00
M,417,Cherki,6.4,6.4,Man City,33,2.00,40,3.23,40,2.62,43,2.86,39,2.52,37,2.65,37,2.22,35,2.76,37,2.34,35,2.00,0.00
M,418,Doku,6.6,6.6,Man City,67,3.39,69,4.63,66,3.63,66,3.64,62,3.37,62,3.63,60,3.14,60,3.92,57,3.15,58,2.83,0.00
M,419,Grealish,6.6,6.6,Everton,85,3.25,85,3.23,80,4.01,77,3.29,74,3.59,77,4.15,78,3.14,78,3.87,78,3.20,79,3.29,0.00
M,420,Gündoğan,6.3,6.3,Man City,0,0.00,0,0.00,0,0.00,0,0.00,0,0.00,0,0.00,0,0.00,0,0.00,0,0.00,0,0.00,0.00
M,421,Rodrigo,6.3,6.3,Man City,39,1.70,81,4.18,82,3.76,82,3.75,80,3.54,80,3.76,78,3.37,78,4.00,79,3.56,80,3.27,0.00
M,422,Kovačić,5.9,5.9,Man City,0,0.00,0,0.00,0,0.00,0,0.00,0,0.00,0,0.00,0,0.00,0,0.00,0,0.00,3,0.15,0.00
M,423,N.Gonzalez,5.9,5.9,Man City,66,2.53,42,1.95,41,1.66,40,1.65,42,1.68,42,1.75,42,1.63,41,1.88,40,1.65,38,1.39,0.00
M,424,Bobb,5.2,5.2,Man City,15,0.83,28,1.79,29,1.58,32,1.70,28,1.50,26,1.52,24,1.30,23,1.50,21,1.18,23,1.18,0.00
M,425,Echeverri,5.4,5.4,Man City,0,0.00,0,0.00,0,0.00,0,0.00,0,0.00,0,0.00,0,0.00,0,0.00,0,0.00,0,0.00,0.00
M,426,McAtee,5.1,5.1,Nott'm Forest,14,0.74,15,0.74,14,0.65,13,0.66,10,0.52,10,0.57,10,0.50,9,0.51,9,0.52,9,0.49,0.00
M,427,Reijnders,5.3,5.3,Man City,57,2.81,53,3.60,55,3.06,55,3.06,54,2.89,51,3.00,51,2.62,52,3.49,53,2.84,50,2.39,0.07
M,428,Nypan,5.0,5.0,Man City,0,0.00,0,0.00,0,0.00,0,0.00,0,0.00,0,0.00,0,0.00,0,0.00,0,0.00,0,0.00,0.00
M,429,Phillips,4.8,4.8,Man City,0,0.00,0,0.00,1,0.07,1,0.08,2,0.09,1,0.08,0,0.00,0,0.00,0,0.00,0,0.00,0.00
F,430,Haaland,15.0,14.7,Man City,88,5.69,84,8.45,82,6.05,81,6.13,78,5.69,77,6.36,77,5.28,74,7.23,75,5.44,77,4.77,0.98
G,431,Bayindir,4.8,4.8,Man Utd,1,0.06,3,0.10,4,0.13,4,0.18,5,0.18,5,0.21,5,0.16,5,0.17,5,0.21,6,0.24,0.00
G,432,Onana,4.9,4.9,Man Utd,0,0.00,0,0.00,0,0.00,0,0.00,0,0.00,0,0.00,0,0.00,0,0.00,0,0.00,0,0.00,0.00
G,433,Harrison,4.0,4.0,Man Utd,0,0.00,0,0.00,0,0.00,0,0.00,0,0.00,0,0.00,0,0.00,0,0.00,0,0.00,0,0.00,0.00
G,434,Heaton,3.9,3.9,Man Utd,0,0.00,0,0.00,0,0.00,0,0.00,0,0.00,0,0.00,0,0.00,0,0.00,0,0.00,0,0.00,0.00
G,435,Mee,3.9,3.9,Man Utd,0,0.00,0,0.00,0,0.00,0,0.00,0,0.00,0,0.00,0,0.00,0,0.00,0,0.00,0,0.00,0.00
D,436,De Ligt,5.0,5.0,Man Utd,66,2.74,83,2.90,80,3.09,78,3.87,76,3.17,75,3.56,77,2.42,74,2.19,77,3.39,76,3.29,0.01
D,437,Martinez,4.8,4.8,Man Utd,52,1.99,62,1.99,68,2.43,69,3.22,66,2.53,68,3.04,65,1.85,62,1.69,62,2.59,62,2.52,0.00
D,438,Mazraoui,4.9,4.9,Man Utd,39,1.72,0,0.00,0,0.00,0,0.00,24,1.07,23,1.20,31,1.11,36,1.15,36,1.66,39,1.82,0.00
D,439,D.Leon,4.2,4.2,Man Utd,0,0.00,4,0.15,5,0.21,6,0.26,2,0.08,2,0.09,1,0.04,0,0.00,0,0.00,0,0.00,0.00
D,440,Dalot,4.4,4.4,Man Utd,50,2.11,87,2.92,85,3.33,82,4.39,70,2.93,70,3.45,62,1.91,62,1.71,58,2.62,58,2.57,0.00
D,441,Dorgu,4.1,4.1,Man Utd,37,1.71,72,2.63,66,2.82,67,3.75,47,2.04,50,2.60,44,1.50,36,1.10,38,1.85,37,1.82,0.00
D,442,Maguire,4.4,4.4,Man Utd,24,0.99,27,0.96,29,1.16,30,1.48,31,1.29,31,1.44,29,0.97,27,0.84,27,1.21,26,1.14,0.00
D,443,Shaw,4.5,4.5,Man Utd,76,2.77,69,2.13,67,2.36,65,2.98,62,2.27,61,2.62,61,1.69,60,1.51,60,2.37,60,2.32,0.00
D,444,Yoro,4.3,4.3,Man Utd,47,1.84,46,1.53,43,1.59,44,2.04,42,1.66,40,1.76,40,1.22,40,1.17,38,1.58,40,1.63,0.00
D,445,Amass,4.0,4.0,Man Utd,0,0.00,0,0.00,0,0.00,0,0.00,0,0.00,0,0.00,0,0.00,0,0.00,0,0.00,0,0.00,0.00
D,446,Fredricson,3.8,3.8,Man Utd,0,0.00,0,0.00,0,0.00,0,0.00,0,0.00,0,0.00,0,0.00,0,0.00,0,0.00,0,0.00,0.00
D,447,Heaven,3.8,3.8,Man Utd,3,0.11,5,0.17,7,0.26,8,0.36,7,0.27,8,0.32,8,0.25,7,0.22,7,0.29,7,0.29,0.00
D,448,Malacia,3.8,3.8,Man Utd,4,0.16,21,0.76,25,0.99,27,1.38,11,0.43,10,0.44,7,0.22,5,0.14,5,0.20,5,0.19,0.00
M,449,B.Fernandes,9.0,8.9,Man Utd,90,6.39,88,5.45,86,6.09,86,7.43,84,5.53,84,6.38,85,4.95,85,3.96,84,5.92,84,5.99,0.94
M,450,Cunha,7.9,7.9,Man Utd,80,4.86,84,4.33,79,4.86,78,5.70,74,4.20,74,4.92,72,3.62,70,2.88,71,4.37,70,4.41,0.15
M,451,Rashford,7.0,7.0,Man Utd,0,0.00,0,0.00,0,0.00,0,0.00,0,0.00,0,0.00,0,0.00,0,0.00,0,0.00,0,0.00,0.00
M,452,Amad,6.3,6.3,Man Utd,80,4.00,0,0.00,0,0.00,0,0.00,36,1.78,37,1.99,55,2.41,71,2.66,71,3.56,70,3.59,0.00
M,453,Garnacho,6.4,6.4,Chelsea,41,2.46,34,1.87,34,2.06,35,2.20,35,1.72,35,1.95,35,2.26,35,1.90,37,2.59,36,2.21,0.00
M,454,Antony,5.9,5.9,Man Utd,0,0.00,0,0.00,0,0.00,0,0.00,0,0.00,0,0.00,0,0.00,0,0.00,0,0.00,0,0.00,0.00
M,455,Mount,5.9,5.9,Man Utd,43,2.32,60,2.85,58,3.03,56,3.49,48,2.42,45,2.60,41,1.92,38,1.56,36,1.96,37,2.07,0.00
M,456,Sancho,5.8,5.8,Aston Villa,29,1.67,0,0.00,35,1.64,39,1.62,35,2.05,31,1.56,31,1.70,29,1.47,30,1.70,31,1.59,0.00
M,457,Casemiro,5.5,5.5,Man Utd,57,2.66,61,2.58,57,2.55,60,3.01,63,2.75,65,3.13,66,2.67,61,2.28,62,2.83,63,2.92,0.00
M,458,Mainoo,4.6,4.6,Man Utd,21,0.93,34,1.32,35,1.45,33,1.50,28,1.16,29,1.28,27,1.09,23,0.89,25,1.09,25,1.10,0.00
M,459,Ugarte,4.7,4.7,Man Utd,31,1.24,36,1.33,37,1.44,38,1.62,33,1.26,32,1.32,29,1.07,31,1.07,30,1.18,29,1.16,0.00
M,460,Collyer,4.5,4.5,Man Utd,0,0.00,0,0.00,0,0.00,0,0.00,0,0.00,0,0.00,0,0.00,0,0.00,0,0.00,0,0.00,0.00
M,461,Fitzgerald,4.4,4.4,Man Utd,0,0.00,0,0.00,0,0.00,0,0.00,0,0.00,0,0.00,0,0.00,0,0.00,0,0.00,0,0.00,0.00
M,462,J.Fletcher,4.3,4.3,Man Utd,0,0.00,0,0.00,0,0.00,1,0.09,0,0.00,0,0.00,0,0.00,0,0.00,0,0.00,0,0.00,0.00
M,463,Kone,4.3,4.3,Man Utd,0,0.00,4,0.24,5,0.30,5,0.34,3,0.21,3,0.19,2,0.15,2,0.14,2,0.14,2,0.19,0.00
M,464,Moorhouse,4.5,4.5,Man Utd,0,0.00,0,0.00,0,0.00,0,0.00,0,0.00,0,0.00,0,0.00,0,0.00,0,0.00,0,0.00,0.00
F,465,Højlund,6.3,6.3,Man Utd,0,0.00,0,0.00,0,0.00,0,0.00,0,0.00,0,0.00,0,0.00,0,0.00,0,0.00,0,0.00,0.00
F,466,Zirkzee,5.8,5.8,Man Utd,36,2.05,49,2.39,46,2.43,45,2.77,40,2.01,37,2.17,35,1.80,31,1.35,30,1.77,30,1.79,0.00
F,467,Obi,4.3,4.3,Man Utd,3,0.27,8,0.54,7,0.49,9,0.67,5,0.35,5,0.38,4,0.29,3,0.19,3,0.25,3,0.28,0.03
F,468,Wheatley,4.5,4.5,Man Utd,0,0.00,0,0.00,0,0.00,0,0.00,0,0.00,0,0.00,0,0.00,0,0.00,0,0.00,0,0.00,0.00
G,469,Pope,5.1,5.1,Newcastle,0,0.00,2,0.08,25,0.82,38,1.55,59,2.26,59,2.36,60,2.40,58,2.21,58,1.84,58,2.25,0.04
G,470,Dúbravka,4.0,4.0,Burnley,94,3.24,93,2.89,93,3.32,92,2.94,91,2.78,91,2.91,91,2.51,90,3.07,90,3.04,90,3.33,0.93
G,471,Gillespie,3.9,3.9,Newcastle,0,0.00,0,0.00,0,0.00,0,0.00,0,0.00,0,0.00,0,0.00,0,0.00,0,0.00,0,0.00,0.00
G,472,Odysseas,4.0,4.0,Newcastle,0,0.00,0,0.00,0,0.00,0,0.00,0,0.00,0,0.00,0,0.00,0,0.00,0,0.00,0,0.00,0.00
D,473,Hall,5.2,5.2,Newcastle,67,3.11,65,2.51,57,2.02,61,3.25,61,2.81,59,3.05,59,2.95,60,2.68,61,1.90,61,2.92,0.00
D,474,Schär,5.3,5.3,Newcastle,42,2.00,32,1.30,27,1.02,31,1.59,32,1.47,30,1.52,34,1.70,32,1.43,32,1.11,34,1.61,0.00
D,475,Botman,4.9,4.9,Newcastle,27,1.30,51,2.00,66,2.42,64,3.27,63,2.86,62,3.11,61,2.95,63,2.79,61,2.01,62,2.89,0.00
D,476,Burn,5.1,5.1,Newcastle,59,2.56,54,1.91,53,1.74,48,2.30,50,2.12,53,2.47,53,2.37,52,2.13,51,1.52,48,2.10,0.01
D,477,Livramento,4.9,4.9,Newcastle,90,3.54,85,2.75,80,2.33,76,3.42,73,2.87,75,3.32,72,3.00,73,2.78,73,1.87,73,3.01,0.02
D,478,Trippier,4.9,4.9,Newcastle,0,0.00,0,0.00,7,0.27,15,0.77,20,0.95,20,1.01,21,1.04,21,0.95,21,0.72,20,1.02,0.00
D,479,Krafth,4.3,4.3,Newcastle,0,0.00,0,0.00,3,0.13,3,0.14,3,0.16,3,0.17,4,0.19,4,0.18,4,0.15,4,0.18,0.00
D,480,Lascelles,4.3,4.3,Newcastle,1,0.04,0,0.00,0,0.00,0,0.00,0,0.00,0,0.00,0,0.00,0,0.00,0,0.00,0,0.00,0.00
D,481,A.Murphy,3.8,3.8,Newcastle,0,0.00,1,0.04,0,0.00,0,0.00,0,0.00,0,0.00,0,0.00,0,0.00,0,0.00,0,0.00,0.00
D,482,Ashby,3.9,3.9,Newcastle,0,0.00,1,0.06,0,0.00,0,0.00,0,0.00,0,0.00,0,0.00,0,0.00,0,0.00,0,0.00,0.00
D,483,Pivas,3.8,3.8,Newcastle,0,0.00,0,0.00,0,0.00,0,0.00,0,0.00,0,0.00,0,0.00,0,0.00,0,0.00,0,0.00,0.00
D,484,Targett,4.0,4.0,Newcastle,0,0.00,0,0.00,0,0.00,0,0.00,0,0.00,0,0.00,0,0.00,0,0.00,0,0.00,0,0.00,0.00
M,485,Gordon,7.2,7.2,Newcastle,71,4.09,70,3.91,70,3.74,69,4.57,67,4.11,67,4.51,66,4.10,65,3.93,66,3.18,64,4.13,0.06
M,486,Elanga,6.6,6.6,Newcastle,36,2.04,40,2.19,40,2.13,39,2.47,37,2.15,38,2.42,38,2.29,38,2.21,37,1.84,38,2.36,0.00
M,487,Barnes,6.4,6.4,Newcastle,38,2.20,43,2.40,44,2.35,45,2.97,41,2.44,41,2.69,39,2.45,37,2.25,38,1.95,38,2.44,0.00
M,488,Bruno G.,6.9,6.9,Newcastle,88,3.81,85,3.50,81,3.30,77,3.71,76,3.40,80,3.79,80,3.74,81,3.54,79,3.05,79,3.67,0.01
M,489,J.Murphy,6.1,6.1,Newcastle,37,2.02,43,2.20,41,2.08,40,2.38,40,2.22,37,2.22,37,2.11,38,2.07,37,1.75,37,2.12,0.00
M,490,Joelinton,5.9,5.9,Newcastle,67,3.09,66,2.87,61,2.63,60,3.01,58,2.75,63,3.10,60,2.93,62,2.85,59,2.37,60,2.90,0.00
M,491,Tonali,5.3,5.3,Newcastle,82,3.51,81,3.30,80,3.13,77,3.63,77,3.31,75,3.40,74,3.30,73,3.11,75,2.76,73,3.30,0.00
M,492,Antoñito C.,4.9,4.9,Newcastle,0,0.00,0,0.00,0,0.00,0,0.00,0,0.00,0,0.00,0,0.00,0,0.00,0,0.00,0,0.00,0.00
M,493,Longstaff,4.9,4.9,Leeds,0,0.00,0,0.00,30,1.18,48,1.63,57,2.23,67,2.37,67,2.71,69,2.49,67,2.32,66,2.69,0.00
M,494,Willock,5.0,5.0,Newcastle,5,0.33,9,0.49,11,0.57,13,0.76,15,0.76,13,0.69,12,0.67,12,0.59,12,0.58,13,0.70,0.00
M,495,Hayden,4.5,4.5,Newcastle,0,0.00,0,0.00,0,0.00,0,0.00,0,0.00,0,0.00,0,0.00,0,0.00,0,0.00,0,0.00,0.00
M,496,Kuol,4.4,4.4,Newcastle,0,0.00,0,0.00,0,0.00,0,0.00,0,0.00,0,0.00,0,0.00,0,0.00,0,0.00,0,0.00,0.00
M,497,L.Miley,4.4,4.4,Newcastle,27,1.17,29,1.21,31,1.22,35,1.54,35,1.45,34,1.49,33,1.42,34,1.42,35,1.31,34,1.48,0.00
M,498,White,4.5,4.5,Newcastle,0,0.00,0,0.00,0,0.00,0,0.00,0,0.00,0,0.00,0,0.00,0,0.00,0,0.00,0,0.00,0.00
F,499,Isak,10.4,10.4,Liverpool,81,4.96,81,4.85,79,6.00,78,5.42,75,4.25,75,3.31,74,5.70,74,4.04,72,4.33,73,3.77,0.00
F,500,Osula,5.4,5.4,Newcastle,0,0.00,6,0.40,8,0.54,10,0.72,7,0.51,8,0.58,6,0.42,3,0.26,3,0.24,4,0.31,0.00
F,501,Neave,4.4,4.4,Newcastle,0,0.00,0,0.00,0,0.00,0,0.00,0,0.00,0,0.00,0,0.00,0,0.00,0,0.00,0,0.00,0.00
G,502,Sels,4.7,4.7,Nott'm Forest,94,3.38,92,3.13,91,2.85,90,3.42,91,2.98,90,3.27,91,3.00,90,3.13,91,3.30,90,3.21,0.00
G,503,C.Miguel,4.0,4.0,Nott'm Forest,0,0.00,0,0.00,0,0.00,0,0.00,0,0.00,0,0.00,0,0.00,0,0.00,0,0.00,0,0.00,0.00
G,504,Turner,4.0,4.0,Nott'm Forest,0,0.00,0,0.00,0,0.00,0,0.00,0,0.00,0,0.00,0,0.00,0,0.00,0,0.00,0,0.00,0.00
D,505,Milenković,5.2,5.2,Nott'm Forest,91,3.35,87,3.00,82,2.25,80,3.23,79,2.47,82,3.19,80,2.51,80,2.69,80,2.92,80,2.94,0.00
D,506,Murillo,5.3,5.3,Nott'm Forest,67,2.76,86,3.26,84,2.55,83,3.72,80,2.75,80,3.39,80,2.76,79,2.94,79,3.21,79,3.20,0.00
D,507,Aina,4.7,4.7,Nott'm Forest,0,0.00,0,0.00,0,0.00,0,0.00,35,1.03,35,1.30,56,1.64,69,2.21,67,2.43,65,2.27,0.00
D,508,N.Williams,4.7,4.7,Nott'm Forest,89,3.44,68,2.34,70,1.91,70,2.93,66,2.05,71,2.85,80,2.42,64,2.15,67,2.59,66,2.46,0.00
D,509,David Carmo,4.5,4.5,Nott'm Forest,0,0.00,0,0.00,0,0.00,0,0.00,0,0.00,0,0.00,0,0.00,0,0.00,0,0.00,0,0.00,0.00
D,510,Jair Cunha,4.3,4.3,Nott'm Forest,6,0.18,6,0.15,6,0.14,10,0.33,10,0.27,7,0.19,9,0.23,7,0.20,8,0.23,7,0.23,0.00
D,511,Morato,4.3,4.3,Nott'm Forest,35,1.36,20,0.69,24,0.68,23,0.97,24,0.78,24,0.91,29,0.97,24,0.81,24,0.91,24,0.90,0.00
D,512,O.Richards,4.5,4.5,Nott'm Forest,0,0.00,0,0.00,0,0.00,0,0.00,0,0.00,0,0.00,0,0.00,0,0.00,0,0.00,0,0.00,0.00
D,513,Abbott,3.9,3.9,Nott'm Forest,4,0.12,5,0.11,5,0.10,5,0.15,4,0.09,3,0.09,6,0.14,2,0.04,1,0.04,2,0.06,0.00
D,514,Boly,3.9,3.9,Nott'm Forest,0,0.00,0,0.00,0,0.00,0,0.00,0,0.00,0,0.00,0,0.00,0,0.00,1,0.03,0,0.00,0.00
M,515,Gibbs-White,7.3,7.3,Nott'm Forest,85,4.46,83,3.70,79,3.29,80,3.84,79,3.29,78,3.88,77,3.03,77,3.41,75,3.57,76,3.44,0.00
M,516,Hudson-Odoi,5.7,5.7,Nott'm Forest,43,2.15,38,1.73,31,1.38,29,1.47,29,1.33,28,1.41,29,1.25,28,1.32,29,1.44,30,1.41,0.00
M,517,Anderson,5.4,5.4,Nott'm Forest,87,4.34,85,3.67,77,3.17,73,3.39,72,2.94,79,3.72,79,3.20,79,3.45,78,3.54,78,3.44,0.31
M,518,Jota,5.4,5.4,Nott'm Forest,0,0.00,0,0.00,0,0.00,0,0.00,0,0.00,0,0.00,0,0.00,0,0.00,0,0.00,0,0.00,0.00
M,519,Dominguez,5.0,5.0,Nott'm Forest,36,1.55,39,1.54,37,1.43,32,1.36,28,1.12,27,1.18,27,1.06,25,1.05,26,1.11,25,1.08,0.00
M,520,O'Brien,5.0,5.0,Nott'm Forest,0,0.00,0,0.00,0,0.00,0,0.00,0,0.00,0,0.00,0,0.00,0,0.00,0,0.00,0,0.00,0.00
M,521,Sangaré,4.9,4.9,Nott'm Forest,66,2.61,0,0.00,0,0.00,0,0.00,20,0.76,19,0.77,29,1.09,39,1.50,38,1.48,38,1.44,0.00
M,522,Yates,4.7,4.7,Nott'm Forest,25,1.02,45,1.65,38,1.37,33,1.32,26,1.00,23,0.99,22,0.88,17,0.70,19,0.82,19,0.80,0.00
M,523,Da Silva Moreira,4.5,4.5,Nott'm Forest,0,0.00,0,0.00,0,0.00,0,0.00,0,0.00,0,0.00,0,0.00,0,0.00,0,0.00,0,0.00,0.00
M,524,Stamenic,4.5,4.5,Nott'm Forest,0,0.00,0,0.00,0,0.00,0,0.00,0,0.00,0,0.00,0,0.00,0,0.00,0,0.00,0,0.00,0.00
F,525,Wood,7.2,7.2,Nott'm Forest,0,0.00,19,1.08,35,1.80,45,2.63,46,2.32,45,2.68,43,2.09,44,2.37,45,2.56,43,2.37,0.00
F,526,Igor Jesus,5.8,5.8,Nott'm Forest,79,4.32,65,3.10,55,2.58,48,2.58,46,2.21,45,2.51,45,2.02,43,2.17,42,2.24,43,2.25,0.00
F,527,Awoniyi,5.2,5.2,Nott'm Forest,0,0.00,0,0.00,0,0.00,0,0.00,5,0.29,5,0.35,7,0.41,11,0.60,11,0.65,11,0.62,0.00
G,528,Patterson,4.3,4.3,Sunderland,2,0.07,3,0.09,3,0.10,3,0.10,3,0.11,3,0.11,3,0.12,5,0.17,4,0.17,3,0.09,0.00
G,529,Moore,3.9,3.9,Sunderland,0,0.00,0,0.00,0,0.00,0,0.00,0,0.00,0,0.00,0,0.00,0,0.00,0,0.00,0,0.00,0.00
G,530,Nna Noukeu,3.9,3.9,Sunderland,0,0.00,0,0.00,0,0.00,0,0.00,0,0.00,0,0.00,0,0.00,0,0.00,0,0.00,0,0.00,0.00
D,531,Ballard,4.6,4.6,Sunderland,79,3.10,81,2.89,78,3.71,77,2.42,75,2.92,71,2.81,69,2.96,70,3.17,71,3.87,70,2.21,0.00
D,532,Hume,4.5,4.5,Sunderland,75,2.82,85,2.62,80,3.52,76,2.10,63,2.24,69,2.39,63,2.51,58,2.37,57,3.02,59,1.52,0.00
D,533,Alese,4.0,4.0,Sunderland,0,0.00,4,0.11,7,0.27,5,0.13,2,0.07,3,0.09,2,0.07,2,0.07,2,0.08,2,0.06,0.00
D,534,Anderson,3.9,3.9,Sunderland,1,0.03,2,0.04,0,0.00,0,0.00,0,0.00,0,0.00,0,0.00,0,0.00,0,0.00,0,0.00,0.00
D,535,Cirkin,4.0,4.0,Sunderland,0,0.00,12,0.37,21,0.93,19,0.59,10,0.29,9,0.26,4,0.14,2,0.06,2,0.07,2,0.04,0.00
D,536,Hjelde,4.0,4.0,Sunderland,0,0.00,5,0.19,8,0.33,5,0.17,3,0.13,3,0.15,2,0.11,2,0.09,2,0.11,2,0.09,0.00
D,537,Huggins,4.0,4.0,Sunderland,0,0.00,0,0.00,0,0.00,0,0.00,0,0.00,0,0.00,0,0.00,0,0.00,0,0.00,0,0.00,0.00
D,538,Johnson,3.9,3.9,Sunderland,0,0.00,0,0.00,0,0.00,0,0.00,0,0.00,0,0.00,0,0.00,0,0.00,0,0.00,0,0.00,0.00
D,539,O'Nien,4.0,4.0,Sunderland,0,0.00,0,0.00,0,0.00,26,0.69,17,0.57,17,0.53,16,0.57,13,0.47,13,0.63,14,0.36,0.00
D,540,Pembele,3.9,3.9,Sunderland,2,0.08,8,0.26,7,0.27,3,0.09,2,0.07,1,0.05,0,0.00,0,0.00,0,0.00,1,0.03,0.00
D,541,Reinildo,4.0,4.0,Sunderland,37,1.31,0,0.00,0,0.00,0,0.00,42,1.41,43,1.46,64,2.45,82,3.14,81,4.07,82,1.93,0.00
D,542,Seelt,4.0,4.0,Sunderland,0,0.00,0,0.00,0,0.00,0,0.00,0,0.00,0,0.00,0,0.00,0,0.00,0,0.00,0,0.00,0.00
M,543,Adingra,5.0,5.0,Sunderland,16,0.81,0,0.00,0,0.00,0,0.00,12,0.62,13,0.64,16,0.85,17,0.92,19,1.14,19,0.84,0.00
M,544,Diarra,5.3,5.3,Sunderland,29,1.12,0,0.00,0,0.00,0,0.00,37,1.37,37,1.32,51,1.93,65,2.56,65,2.92,64,2.03,0.00
M,545,Roberts,5.4,5.4,Sunderland,0,0.00,0,0.00,0,0.00,0,0.00,0,0.00,0,0.00,0,0.00,0,0.00,0,0.00,0,0.00,0.00
M,546,Aleksić,4.9,4.9,Sunderland,0,0.00,0,0.00,0,0.00,0,0.00,0,0.00,0,0.00,0,0.00,0,0.00,0,0.00,0,0.00,0.00
M,547,E.Le Fée,4.9,4.9,Sunderland,79,3.71,81,3.54,78,4.07,78,3.31,75,3.37,75,3.36,73,3.44,70,3.44,71,4.04,70,2.65,0.01
M,548,Mundle,4.9,4.9,Sunderland,8,0.48,46,1.93,45,2.18,43,1.80,26,1.26,25,1.19,17,0.87,12,0.64,13,0.76,13,0.56,0.00
M,549,Neil,4.8,4.8,Sunderland,9,0.33,58,1.89,57,2.06,55,1.78,28,1.00,26,0.94,16,0.61,7,0.28,8,0.31,8,0.28,0.00
M,550,Poveda,4.8,4.8,Sunderland,2,0.14,26,1.14,28,1.36,29,1.22,12,0.59,12,0.55,7,0.39,6,0.36,3,0.25,4,0.24,0.00
M,551,Rigg,4.8,4.8,Sunderland,19,0.94,61,2.21,59,2.48,57,2.06,37,1.53,35,1.48,24,1.10,16,0.76,16,0.83,15,0.64,0.00
M,552,Sadiki,5.0,5.0,Sunderland,79,2.47,0,0.00,0,0.00,0,0.00,35,1.10,36,1.14,49,1.59,62,2.05,63,2.29,61,1.73,0.00
M,553,Talbi,5.0,5.0,Sunderland,44,1.97,0,0.00,0,0.00,0,0.00,24,1.05,27,1.16,35,1.57,36,1.70,37,1.99,38,1.42,0.00
M,554,Ba,4.3,4.3,Sunderland,0,0.00,7,0.40,8,0.46,8,0.42,3,0.18,2,0.17,0,0.00,0,0.00,0,0.00,0,0.00,0.00
M,555,Browne,4.5,4.5,Sunderland,0,0.00,0,0.00,0,0.00,0,0.00,0,0.00,0,0.00,0,0.00,0,0.00,0,0.00,0,0.00,0.00
M,556,Ekwah,4.5,4.5,Sunderland,0,0.00,0,0.00,0,0.00,0,0.00,0,0.00,0,0.00,0,0.00,0,0.00,0,0.00,0,0.00,0.00
M,557,H.Jones,4.4,4.4,Sunderland,0,0.00,0,0.00,0,0.00,0,0.00,0,0.00,0,0.00,0,0.00,0,0.00,0,0.00,0,0.00,0.00
M,558,Matete,4.4,4.4,Sunderland,0,0.00,11,0.45,12,0.51,14,0.55,5,0.31,4,0.25,2,0.13,1,0.08,0,0.00,0,0.00,0.00
M,559,Triantis,4.4,4.4,Sunderland,0,0.00,0,0.00,0,0.00,0,0.00,0,0.00,0,0.00,0,0.00,0,0.00,0,0.00,0,0.00,0.00
F,560,Isidor,5.5,5.5,Sunderland,56,2.79,67,2.84,68,3.35,65,2.74,57,2.61,56,2.54,53,2.55,53,2.72,52,3.17,52,1.99,0.00
F,561,Mayenda,5.3,5.3,Sunderland,6,0.42,37,1.66,35,1.84,38,1.71,22,1.14,20,1.03,16,0.90,12,0.72,13,0.84,13,0.64,0.00
F,562,Abdullahi,4.3,4.3,Sunderland,0,0.00,0,0.00,1,0.09,0,0.00,0,0.00,0,0.00,0,0.00,0,0.00,0,0.00,0,0.00,0.00
F,563,Luís Hemir,4.4,4.4,Sunderland,0,0.00,0,0.00,0,0.00,0,0.00,0,0.00,0,0.00,0,0.00,0,0.00,0,0.00,0,0.00,0.00
F,564,Rusyn,4.4,4.4,Sunderland,0,0.00,0,0.00,0,0.00,0,0.00,0,0.00,0,0.00,0,0.00,0,0.00,0,0.00,0,0.00,0.00
G,565,Vicario,4.9,4.9,Spurs,94,3.35,92,3.05,91,3.09,90,3.18,90,3.67,90,3.08,91,3.64,90,3.63,89,2.89,89,2.91,0.00
G,566,Austin,3.9,3.9,Spurs,0,0.00,0,0.00,0,0.00,0,0.00,0,0.00,0,0.00,0,0.00,0,0.00,0,0.00,0,0.00,0.00
G,567,Kinsky,3.9,3.9,Spurs,1,0.05,3,0.08,4,0.13,5,0.17,5,0.18,5,0.16,4,0.16,5,0.21,5,0.17,5,0.18,0.00
D,568,Pedro Porro,5.4,5.4,Spurs,84,3.57,81,3.07,78,3.01,73,2.96,74,4.09,77,2.90,77,4.40,73,3.96,74,2.42,74,2.50,0.01
D,569,Romero,5.0,5.0,Spurs,90,3.56,86,2.95,85,3.10,81,3.03,78,3.70,75,2.69,72,3.44,69,3.31,70,2.12,70,2.27,0.00
D,570,Danso,4.3,4.3,Spurs,10,0.38,16,0.57,21,0.78,25,0.97,25,1.18,26,1.00,29,1.39,31,1.49,30,1.01,28,0.97,0.00
D,571,Davies,4.3,4.3,Spurs,1,0.03,3,0.07,5,0.13,7,0.17,7,0.24,6,0.14,8,0.28,8,0.27,10,0.24,10,0.25,0.00
D,572,Dragusin,4.5,4.5,Spurs,0,0.00,3,0.06,4,0.11,7,0.17,8,0.28,7,0.19,8,0.28,9,0.31,10,0.24,10,0.25,0.00
D,573,Spence,4.4,4.4,Spurs,31,1.12,34,1.09,35,1.17,40,1.38,40,1.76,39,1.26,39,1.75,40,1.76,38,1.07,40,1.17,0.00
D,574,Udogie,4.4,4.4,Spurs,71,2.59,68,2.19,68,2.25,67,2.35,65,3.08,64,2.12,62,3.01,63,2.92,63,1.77,63,1.86,0.00
D,575,Van de Ven,4.7,4.7,Spurs,92,3.22,87,2.69,82,2.67,80,2.70,79,3.45,82,2.65,81,3.51,80,3.52,80,2.16,81,2.27,0.01
D,576,Phillips,4.0,4.0,Spurs,0,0.00,0,0.00,0,0.00,0,0.00,0,0.00,0,0.00,0,0.00,0,0.00,0,0.00,0,0.00,0.00
D,577,Takai,4.0,4.0,Spurs,0,0.00,0,0.00,0,0.00,0,0.00,0,0.00,0,0.00,0,0.00,0,0.00,0,0.00,0,0.00,0.00
D,578,Vuskovic,3.9,3.9,Spurs,0,0.00,0,0.00,0,0.00,0,0.00,0,0.00,0,0.00,0,0.00,0,0.00,0,0.00,0,0.00,0.00
M,579,Son,8.5,8.5,Spurs,0,0.00,0,0.00,0,0.00,0,0.00,0,0.00,0,0.00,0,0.00,0,0.00,0,0.00,0,0.00,0.00
M,580,Johnson,6.6,6.6,Spurs,25,1.40,24,1.35,21,1.13,21,1.15,22,1.36,20,1.14,20,1.38,21,1.29,21,1.11,21,1.14,0.00
M,581,Maddison,6.8,6.8,Spurs,0,0.00,0,0.00,0,0.00,0,0.00,0,0.00,0,0.00,0,0.00,0,0.00,0,0.00,0,0.00,0.00
M,582,Kudus,6.5,6.5,Spurs,83,3.89,79,3.66,73,3.29,71,3.34,67,3.64,70,3.31,67,3.96,67,3.65,69,3.09,68,3.09,0.00
M,583,Kulusevski,6.4,6.4,Spurs,3,0.14,25,1.15,55,2.31,59,2.60,59,2.96,55,2.41,56,3.06,57,2.88,57,2.33,56,2.33,0.00
M,584,Tel,6.2,6.2,Spurs,20,1.16,20,1.18,16,0.89,15,0.90,16,1.04,14,0.81,13,0.92,13,0.90,14,0.80,13,0.77,0.00
M,585,Bentancur,5.3,5.3,Spurs,60,2.33,63,2.39,60,2.25,58,2.23,52,2.20,55,2.13,53,2.31,51,2.18,50,1.85,51,1.93,0.00
M,586,Bergvall,5.4,5.4,Spurs,40,1.75,47,1.96,48,1.94,48,1.97,41,1.86,39,1.61,38,1.81,36,1.70,37,1.53,37,1.51,0.00
M,587,Bissouma,5.2,5.2,Spurs,0,0.00,0,0.00,0,0.00,0,0.00,9,0.40,7,0.28,8,0.36,10,0.44,12,0.45,12,0.47,0.00
M,588,Odobert,5.3,5.3,Spurs,36,1.78,36,1.81,31,1.53,29,1.47,30,1.70,27,1.42,31,1.88,26,1.49,28,1.39,28,1.39,0.00
M,589,Solomon,5.4,5.4,Spurs,0,0.00,0,0.00,0,0.00,0,0.00,0,0.00,0,0.00,0,0.00,0,0.00,0,0.00,0,0.00,0.00
M,590,Bryan,4.9,4.9,Spurs,0,0.00,0,0.00,0,0.00,0,0.00,0,0.00,0,0.00,0,0.00,0,0.00,0,0.00,0,0.00,0.00
M,591,Gray,4.8,4.8,Spurs,24,0.84,36,1.19,41,1.33,41,1.33,38,1.32,35,1.18,31,1.11,30,1.09,29,0.96,28,0.94,0.00
M,592,Moore,5.0,5.0,Spurs,0,0.00,0,0.00,0,0.00,0,0.00,0,0.00,0,0.00,0,0.00,0,0.00,0,0.00,0,0.00,0.00
M,593,P.M.Sarr,4.7,4.7,Spurs,33,1.44,0,0.00,0,0.00,0,0.00,17,0.81,18,0.76,27,1.29,32,1.47,31,1.22,34,1.38,0.00
M,594,Min-hyeok,4.5,4.5,Spurs,0,0.00,0,0.00,0,0.00,0,0.00,0,0.00,0,0.00,0,0.00,0,0.00,0,0.00,0,0.00,0.00
M,595,Olusesi,4.3,4.3,Spurs,0,0.00,0,0.00,0,0.00,2,0.15,0,0.00,0,0.00,0,0.00,0,0.00,0,0.00,0,0.00,0.00
F,596,Solanke,7.2,7.2,Spurs,0,0.00,0,0.00,19,0.97,33,1.73,39,2.36,46,2.37,43,2.83,45,2.68,43,2.21,43,2.17,0.00
F,597,Richarlison,6.4,6.4,Spurs,56,2.87,52,2.68,47,2.28,41,2.15,39,2.41,38,2.06,39,2.65,36,2.21,36,1.86,38,1.94,0.00
F,598,Lankshear,4.5,4.5,Spurs,0,0.00,0,0.00,0,0.00,0,0.00,0,0.00,0,0.00,0,0.00,0,0.00,0,0.00,0,0.00,0.00
F,599,Scarlett,4.3,4.3,Spurs,0,0.00,1,0.09,0,0.00,0,0.00,0,0.00,0,0.00,0,0.00,0,0.00,0,0.00,0,0.00,0.00
G,600,Areola,4.3,4.3,West Ham,93,3.10,93,2.64,92,3.27,91,3.02,91,3.29,90,3.29,90,2.88,88,3.29,88,2.58,88,3.32,0.00
G,601,Foderingham,4.0,4.0,West Ham,0,0.00,0,0.00,0,0.00,0,0.00,0,0.00,0,0.00,0,0.00,0,0.00,0,0.00,0,0.00,0.00
G,602,Hegyi,3.9,3.9,West Ham,0,0.00,0,0.00,0,0.00,0,0.00,0,0.00,0,0.00,0,0.00,0,0.00,0,0.00,0,0.00,0.00
D,603,Diouf,4.2,4.2,West Ham,90,2.72,0,0.00,0,0.00,0,0.00,39,1.38,42,1.54,61,1.74,80,3.15,80,1.67,80,3.12,0.00
D,604,Emerson,4.4,4.4,West Ham,0,0.00,0,0.00,0,0.00,0,0.00,0,0.00,0,0.00,0,0.00,0,0.00,0,0.00,0,0.00,0.00
D,605,Kilman,4.2,4.2,West Ham,48,1.64,76,1.65,65,2.46,73,2.41,55,2.15,56,2.16,50,1.65,49,2.06,50,1.31,51,2.13,0.00
D,606,Mavropanos,4.4,4.4,West Ham,83,3.06,82,1.98,78,3.14,77,2.85,70,3.05,71,2.98,70,2.52,70,3.19,68,1.99,69,3.19,0.00
D,607,N.Aguerd,4.4,4.4,West Ham,0,0.00,0,0.00,0,0.00,0,0.00,0,0.00,0,0.00,0,0.00,0,0.00,0,0.00,0,0.00,0.00
D,608,Scarles,4.3,4.3,West Ham,0,0.00,0,0.00,29,1.15,46,1.60,36,1.46,42,1.72,32,1.10,18,0.78,18,0.56,19,0.81,0.00
D,609,Todibo,4.3,4.3,West Ham,79,2.63,83,1.70,78,2.90,82,2.73,73,2.88,73,2.81,71,2.31,70,2.93,69,1.75,66,2.80,0.00
D,610,Wan-Bissaka,4.2,4.2,West Ham,86,2.73,0,0.00,0,0.00,0,0.00,40,1.47,37,1.42,56,1.71,75,3.08,75,1.72,73,2.99,0.00
D,611,Casey,4.0,4.0,West Ham,0,0.00,0,0.00,0,0.00,0,0.00,0,0.00,0,0.00,0,0.00,0,0.00,0,0.00,0,0.00,0.00
M,612,L.Paquetá,5.9,5.9,West Ham,85,4.05,82,3.12,79,3.94,76,3.67,74,3.72,73,3.78,74,3.33,71,3.78,73,2.94,73,3.77,0.01
M,613,Souček,5.7,5.7,West Ham,39,1.71,39,1.45,38,1.74,40,1.76,36,1.67,37,1.72,38,1.62,36,1.67,37,1.41,38,1.76,0.00
M,614,Ward-Prowse,5.6,5.6,West Ham,0,0.00,0,0.00,0,0.00,0,0.00,0,0.00,0,0.00,0,0.00,0,0.00,0,0.00,0,0.00,0.00
M,615,Summerville,5.5,5.5,West Ham,29,1.36,68,2.36,74,3.24,72,3.06,67,3.01,70,3.21,69,2.82,69,3.20,67,2.48,67,3.17,0.00
M,616,Álvarez,4.9,4.9,West Ham,0,0.00,0,0.00,0,0.00,0,0.00,0,0.00,0,0.00,0,0.00,0,0.00,0,0.00,0,0.00,0.00
M,617,Cornet,4.9,4.9,West Ham,0,0.00,0,0.00,0,0.00,0,0.00,0,0.00,0,0.00,0,0.00,0,0.00,0,0.00,0,0.00,0.00
M,618,G.Rodriguez,4.8,4.8,West Ham,2,0.15,4,0.25,4,0.23,7,0.35,5,0.30,6,0.31,5,0.27,5,0.29,5,0.26,5,0.28,0.00
M,619,L.Guilherme,4.9,4.9,West Ham,14,0.70,17,0.76,15,0.79,17,0.85,14,0.73,12,0.64,14,0.70,12,0.65,12,0.54,11,0.59,0.00
M,620,Earthy,4.5,4.5,West Ham,0,0.00,0,0.00,0,0.00,0,0.00,0,0.00,0,0.00,0,0.00,0,0.00,0,0.00,0,0.00,0.00
M,621,Irving,4.4,4.4,West Ham,13,0.58,19,0.77,17,0.79,22,0.95,17,0.75,17,0.76,16,0.66,16,0.74,17,0.70,17,0.80,0.00
M,622,Orford,4.4,4.4,West Ham,0,0.00,0,0.00,0,0.00,0,0.00,0,0.00,0,0.00,0,0.00,0,0.00,0,0.00,0,0.00,0.00
M,623,Potts,4.4,4.4,West Ham,72,2.28,71,2.08,66,2.21,69,2.28,64,2.20,63,2.16,62,2.00,62,2.12,63,1.90,63,2.18,0.01
F,624,Bowen,7.5,7.5,West Ham,91,4.01,88,3.08,85,4.03,84,3.80,84,3.91,82,3.95,81,3.49,80,3.98,81,3.04,80,3.99,0.00
F,625,Füllkrug,5.6,5.6,West Ham,35,1.74,34,1.43,36,1.82,35,1.81,35,1.79,36,1.86,34,1.63,34,1.87,33,1.48,34,1.84,0.00
F,626,Marshall,4.3,4.3,West Ham,2,0.18,5,0.33,6,0.37,7,0.45,5,0.36,6,0.41,7,0.41,7,0.45,7,0.37,7,0.44,0.05
G,627,Johnstone,4.5,4.5,Wolves,94,2.62,92,3.29,92,2.61,90,2.77,90,3.47,91,3.03,89,2.90,89,2.49,88,3.02,87,2.76,0.00
G,628,José Sá,4.3,4.3,Wolves,1,0.04,3,0.09,3,0.09,4,0.13,5,0.17,4,0.14,6,0.20,6,0.15,7,0.23,7,0.23,0.00
G,629,Bentley,4.0,4.0,Wolves,0,0.00,0,0.00,0,0.00,0,0.00,0,0.00,0,0.00,0,0.00,0,0.00,0,0.00,0,0.00,0.00
G,630,King,3.9,3.9,Everton,0,0.00,0,0.00,0,0.00,0,0.00,0,0.00,0,0.00,0,0.00,0,0.00,0,0.00,0,0.00,0.00
D,631,Agbadou,4.3,4.3,Wolves,85,2.52,0,0.00,0,0.00,0,0.00,36,1.75,38,1.53,53,2.02,72,1.84,71,2.87,71,2.47,0.00
D,632,Doherty,4.4,4.4,Wolves,23,0.63,55,2.16,53,1.31,53,1.50,42,1.90,44,1.56,35,1.25,26,0.63,27,1.02,27,0.89,0.00
D,633,H.Bueno,4.4,4.4,Wolves,24,0.65,34,1.35,35,0.91,38,1.07,33,1.49,30,1.08,28,1.01,26,0.61,27,1.05,27,0.90,0.00
D,634,Mosquera,4.3,4.3,Wolves,57,1.50,74,2.77,69,1.78,68,1.94,57,2.44,57,2.03,50,1.67,45,1.01,47,1.70,46,1.40,0.00
D,635,R.Gomes,4.4,4.4,Wolves,0,0.00,0,0.00,0,0.00,0,0.00,0,0.00,0,0.00,15,0.72,21,0.67,28,1.39,26,1.11,0.00
D,636,S.Bueno,4.4,4.4,Wolves,18,0.43,41,1.50,41,1.01,42,1.17,28,1.21,25,0.91,21,0.67,14,0.30,14,0.45,17,0.48,0.00
D,637,Toti,4.3,4.3,Wolves,76,1.86,79,2.81,79,1.90,77,2.00,69,2.87,72,2.44,69,2.22,66,1.33,66,2.25,62,1.81,0.00
D,638,Hoever,3.9,3.9,Wolves,15,0.47,48,2.00,49,1.31,48,1.42,34,1.62,34,1.26,24,0.96,18,0.51,19,0.80,18,0.69,0.00
D,639,Meupiyou,4.0,4.0,Wolves,0,0.00,0,0.00,0,0.00,0,0.00,0,0.00,0,0.00,0,0.00,0,0.00,0,0.00,0,0.00,0.00
D,640,Pedro Lima,4.0,4.0,Wolves,0,0.00,0,0.00,0,0.00,0,0.00,0,0.00,0,0.00,0,0.00,0,0.00,0,0.00,0,0.00,0.00
D,641,Pond,3.9,3.9,Wolves,0,0.00,2,0.06,2,0.05,3,0.08,1,0.05,1,0.04,0,0.00,0,0.00,0,0.00,0,0.00,0.00
M,642,Hee Chan,5.7,5.7,Wolves,36,1.51,52,2.85,52,2.24,53,2.40,42,2.56,41,1.94,36,1.88,32,1.41,30,1.68,32,1.59,0.00
M,643,André,5.3,5.3,Wolves,66,2.10,69,2.53,72,2.40,75,2.60,72,2.73,77,2.75,75,2.62,74,2.38,74,2.73,73,2.46,0.00
M,644,Bellegarde,5.2,5.2,Wolves,68,2.27,71,3.10,68,2.45,68,2.60,59,2.86,60,2.39,53,2.25,51,1.84,49,2.23,51,2.03,0.00
M,645,Fer López,5.2,5.2,Wolves,6,0.32,24,1.26,27,1.16,28,1.24,18,0.99,17,0.82,13,0.65,8,0.40,8,0.47,9,0.47,0.00
M,646,Gomes,5.3,5.3,Wolves,88,2.86,88,3.59,85,3.00,83,3.04,81,3.46,80,2.96,78,2.94,75,2.49,73,2.90,74,2.67,0.00
M,647,Guedes,5.5,5.5,Wolves,0,0.00,0,0.00,0,0.00,0,0.00,0,0.00,0,0.00,0,0.00,0,0.00,0,0.00,0,0.00,0.00
M,648,Munetsi,5.4,5.4,Wolves,11,0.40,0,0.00,0,0.00,0,0.00,26,1.27,25,0.98,37,1.50,47,1.57,46,1.99,48,1.86,0.00
M,649,B.Traore,5.0,5.0,Wolves,0,0.00,0,0.00,0,0.00,0,0.00,0,0.00,0,0.00,0,0.00,0,0.00,0,0.00,0,0.00,0.00
M,650,Chirewa,4.3,4.3,Wolves,21,0.90,0,0.00,0,0.00,0,0.00,14,0.76,12,0.56,17,0.84,18,0.81,18,0.94,17,0.82,0.00
M,651,Edozie,4.3,4.3,Wolves,1,0.10,5,0.31,6,0.33,5,0.31,2,0.18,3,0.19,1,0.10,0,0.00,0,0.00,0,0.00,0.00
M,652,Gonzalez,4.3,4.3,Wolves,0,0.00,2,0.12,2,0.16,2,0.17,0,0.00,0,0.00,0,0.00,0,0.00,0,0.00,0,0.00,0.00
M,653,Hodge,4.5,4.5,Wolves,0,0.00,0,0.00,0,0.00,0,0.00,0,0.00,0,0.00,0,0.00,0,0.00,0,0.00,0,0.00,0.00
F,654,Strand Larsen,6.2,6.2,Wolves,83,2.95,86,4.11,84,3.27,83,3.41,78,4.24,77,3.19,76,3.54,75,2.79,74,3.62,76,3.28,0.00
F,655,Fábio Silva,4.9,4.9,Wolves,0,0.00,0,0.00,0,0.00,0,0.00,0,0.00,0,0.00,0,0.00,0,0.00,0,0.00,0,0.00,0.00
F,656,Kalajdžić,4.9,4.9,Wolves,0,0.00,0,0.00,0,0.00,0,0.00,0,0.00,0,0.00,0,0.00,0,0.00,0,0.00,0,0.00,0.00
F,657,Chiwome,4.4,4.4,Wolves,0,0.00,2,0.19,3,0.23,4,0.29,2,0.20,2,0.18,1,0.10,0,0.00,1,0.09,0,0.00,0.00
F,658,Fraser,4.3,4.3,Wolves,0,0.00,3,0.26,4,0.28,5,0.31,2,0.20,2,0.17,1,0.09,0,0.00,0,0.00,0,0.00,0.00
D,659,Walker-Peters,4.3,4.3,West Ham,21,0.72,86,1.30,82,2.92,81,2.53,54,1.96,51,1.91,36,1.10,24,1.00,25,0.61,26,1.06,0.00
M,660,Stach,4.8,4.8,Leeds,84,3.78,82,3.81,77,3.51,73,2.94,72,3.34,71,2.89,69,3.29,70,3.01,69,2.75,69,3.40,0.07
F,661,Ekitiké,8.4,8.4,Liverpool,59,3.44,64,3.42,65,4.30,63,3.91,59,3.19,58,2.46,55,3.99,55,3.02,57,3.30,54,2.83,0.00
D,662,Mosquera,5.4,5.4,Arsenal,0,0.00,0,0.00,0,0.00,0,0.00,0,0.00,0,0.00,9,0.36,19,0.77,23,1.02,21,1.04,0.00
M,663,J.Arias,5.0,5.0,Wolves,65,2.41,71,3.69,69,2.82,66,2.89,62,3.60,62,2.83,58,2.88,55,2.18,55,2.84,56,2.58,0.00
G,664,Lecomte,3.9,3.9,Fulham,0,0.00,2,0.07,3,0.12,4,0.13,4,0.12,4,0.13,3,0.13,4,0.15,4,0.13,4,0.16,0.00
G,665,Perri,4.5,4.5,Leeds,94,3.19,93,3.38,91,3.33,92,2.67,92,3.13,91,2.82,90,3.40,91,3.17,91,2.87,89,3.36,0.00
F,666,Gyökeres,8.8,8.8,Arsenal,31,2.47,24,1.50,23,1.65,27,1.84,33,2.08,36,2.33,38,2.33,44,3.00,43,2.67,44,3.10,0.00
D,667,Aznou,4.3,4.3,Everton,2,0.05,6,0.21,9,0.36,11,0.40,8,0.33,6,0.28,4,0.14,4,0.15,4,0.13,4,0.13,0.00
M,668,Xhaka,5.2,5.2,Sunderland,89,3.29,67,2.34,71,2.82,74,2.51,74,2.73,81,2.99,81,3.06,78,3.07,77,3.47,77,2.53,0.00
M,669,Ndoye,5.6,5.6,Nott'm Forest,71,3.38,67,2.83,62,2.48,61,2.82,59,2.47,60,2.82,59,2.32,59,2.54,57,2.58,57,2.55,0.00
G,670,Roefs,4.7,4.7,Sunderland,93,3.29,92,3.07,92,3.65,92,2.87,91,3.12,91,3.22,91,3.42,90,3.38,91,3.85,91,2.72,0.00
F,671,Wilson,5.8,5.8,West Ham,54,2.69,49,1.99,49,2.54,49,2.47,48,2.49,45,2.45,45,2.18,46,2.51,47,2.04,46,2.48,0.00
D,672,Hato,4.7,4.7,Chelsea,15,0.61,13,0.44,20,0.82,20,0.83,21,0.61,21,0.83,21,0.89,20,0.78,22,1.04,22,1.00,0.00
M,673,J.Palhinha,5.5,5.5,Spurs,80,3.27,80,3.15,71,2.81,69,2.79,64,2.75,73,2.97,71,3.20,70,3.08,70,2.63,68,2.64,0.00
G,674,Ramsdale,4.8,4.8,Newcastle,94,3.65,91,3.12,69,2.36,56,2.26,36,1.36,36,1.50,35,1.37,37,1.40,36,1.13,37,1.41,0.01
G,675,Gunn,4.0,4.0,Nott'm Forest,0,0.00,0,0.00,0,0.00,0,0.00,0,0.00,0,0.00,0,0.00,0,0.00,0,0.00,0,0.00,0.00
M,676,Ugochukwu,5.0,5.0,Burnley,66,2.43,66,2.29,66,2.38,64,2.23,59,1.97,58,2.08,55,1.77,52,1.98,54,1.92,53,2.17,0.00
M,677,Guessand,6.2,6.2,Aston Villa,17,1.12,0,0.00,0,0.00,0,0.00,18,1.12,18,0.97,25,1.50,36,1.88,34,2.14,35,1.95,0.00
D,678,Masuaku,3.9,3.9,Sunderland,16,0.66,0,0.00,0,0.00,0,0.00,12,0.50,11,0.44,12,0.51,9,0.40,9,0.45,10,0.32,0.00
G,679,Hermansen,4.3,4.3,West Ham,2,0.06,2,0.07,3,0.10,4,0.13,4,0.14,5,0.18,4,0.13,6,0.23,6,0.17,6,0.22,0.00
F,680,Broja,5.2,5.2,Burnley,26,1.40,36,1.74,36,1.80,36,1.84,31,1.49,33,1.72,31,1.43,30,1.62,29,1.44,26,1.58,0.00
F,681,Šeško,7.2,7.2,Man Utd,23,1.39,49,2.49,64,3.62,63,4.12,56,2.97,57,3.43,52,2.57,50,2.09,49,2.86,49,2.82,0.00
D,682,Møller Wolfe,4.3,4.3,Wolves,67,1.42,68,2.49,66,1.38,65,1.58,62,2.67,62,1.95,61,1.97,59,1.03,58,2.02,58,1.63,0.00
D,683,Alderete,4.1,4.1,Sunderland,82,3.20,82,2.93,80,3.77,76,2.41,77,3.00,77,3.00,75,3.25,74,3.30,73,3.92,73,2.25,0.05
D,684,Thiaw,5.0,5.0,Newcastle,89,3.90,84,3.02,82,2.79,80,3.87,78,3.31,79,3.72,77,3.56,77,3.16,79,2.40,78,3.37,0.19
D,685,Diakité,4.4,4.4,Bournemouth,90,2.71,87,4.23,86,2.99,85,2.36,83,2.61,82,3.23,81,2.60,80,2.56,81,3.45,73,2.74,0.00
M,686,Ngumoha,4.4,4.4,Liverpool,7,0.49,13,0.70,15,0.93,16,0.96,13,0.69,14,0.65,12,0.78,11,0.61,11,0.63,12,0.64,0.00
M,687,Rees-Dottin,4.4,4.4,Bournemouth,0,0.00,0,0.00,0,0.00,0,0.00,0,0.00,0,0.00,0,0.00,0,0.00,0,0.00,0,0.00,0.00
G,688,Wright,3.9,3.9,Aston Villa,0,0.00,0,0.00,0,0.00,0,0.00,0,0.00,0,0.00,0,0.00,0,0.00,0,0.00,0,0.00,0.00
M,689,Seung soo,4.4,4.4,Newcastle,0,0.00,0,0.00,0,0.00,0,0.00,0,0.00,0,0.00,0,0.00,0,0.00,0,0.00,0,0.00,0.00
M,690,Cardines,4.4,4.4,Crystal Palace,0,0.00,0,0.00,0,0.00,0,0.00,2,0.07,1,0.05,1,0.05,1,0.06,0,0.00,1,0.05,0.00
F,691,Calvert-Lewin,5.5,5.5,Leeds,75,3.54,69,3.37,66,3.10,66,2.76,65,3.31,64,2.87,63,3.29,63,2.88,62,2.62,61,3.24,0.06
D,692,Leoni,4.9,4.9,Liverpool,0,0.00,0,0.00,0,0.00,0,0.00,0,0.00,0,0.00,0,0.00,0,0.00,0,0.00,0,0.00,0.00
M,693,Hutchinson,5.4,5.4,Nott'm Forest,48,2.42,43,1.98,41,1.78,36,1.78,33,1.52,34,1.77,34,1.46,34,1.59,33,1.65,31,1.52,0.00
D,694,Mukiele,4.2,4.1,Sunderland,88,3.53,88,3.12,84,4.01,81,2.56,80,3.16,80,3.21,80,3.53,78,3.53,79,4.42,79,2.46,0.10
D,695,Tchatchoua,4.5,4.5,Wolves,71,1.40,0,0.00,0,0.00,0,0.00,31,1.31,32,0.97,47,1.47,62,1.01,58,1.92,59,1.57,0.00
F,696,Kalimuendo,6.0,6.0,Nott'm Forest,15,0.90,12,0.69,10,0.59,8,0.51,5,0.37,5,0.39,5,0.35,4,0.33,5,0.36,5,0.36,0.00
M,697,Adli,5.4,5.4,Bournemouth,33,1.68,0,0.00,0,0.00,0,0.00,18,0.88,18,1.13,25,1.31,34,1.88,34,2.01,33,1.89,0.00
M,698,Okafor,5.5,5.5,Leeds,52,2.54,46,2.35,41,2.06,41,1.83,42,2.17,40,1.86,42,2.24,40,1.91,42,1.83,38,2.14,0.00
M,699,Douglas Luiz,4.9,4.9,Nott'm Forest,0,0.00,29,1.14,49,1.82,63,2.57,60,2.21,60,2.50,54,2.01,53,2.11,53,2.19,53,2.12,0.00
M,700,Dowman,4.3,4.3,Arsenal,2,0.22,2,0.19,4,0.31,3,0.25,4,0.29,5,0.36,5,0.36,6,0.44,6,0.42,6,0.45,0.00
D,701,Rowe,4.0,4.0,Aston Villa,0,0.00,0,0.00,0,0.00,0,0.00,0,0.00,0,0.00,0,0.00,0,0.00,0,0.00,0,0.00,0.00
M,702,Burrowes,4.4,4.4,Aston Villa,0,0.00,0,0.00,0,0.00,0,0.00,0,0.00,0,0.00,0,0.00,0,0.00,0,0.00,0,0.00,0.00
G,703,Proctor,3.9,3.9,Aston Villa,0,0.00,0,0.00,0,0.00,0,0.00,0,0.00,0,0.00,0,0.00,0,0.00,0,0.00,0,0.00,0.00
M,704,Onyango,4.5,4.5,Everton,0,0.00,0,0.00,0,0.00,0,0.00,0,0.00,0,0.00,0,0.00,0,0.00,0,0.00,0,0.00,0.00
D,705,Campbell,3.9,3.9,Everton,0,0.00,1,0.03,0,0.00,2,0.05,1,0.04,0,0.00,0,0.00,0,0.00,0,0.00,0,0.00,0.00
D,706,Justin,3.9,3.9,Leeds,17,0.60,29,1.17,28,1.14,28,0.84,29,1.05,25,0.81,26,1.09,27,1.04,28,0.96,28,1.22,0.00
M,707,Dibling,5.3,5.3,Everton,10,0.50,39,1.64,38,1.95,36,1.70,25,1.34,26,1.46,21,1.01,15,0.85,15,0.73,15,0.77,0.00
M,708,M.Fernandes,5.5,5.5,West Ham,69,2.93,66,2.29,64,2.83,63,2.67,63,2.78,63,2.83,62,2.52,61,2.76,60,2.19,61,2.81,0.00
D,709,Krejčí,4.5,4.5,Wolves,39,1.00,72,2.85,80,2.09,79,2.27,78,3.59,77,2.86,76,2.63,76,1.70,75,2.82,74,2.30,0.00
D,710,Patterson,3.9,3.9,Aston Villa,0,0.00,0,0.00,0,0.00,0,0.00,0,0.00,0,0.00,0,0.00,0,0.00,0,0.00,0,0.00,0.00
M,711,Harriman-Annous,4.5,4.5,Arsenal,0,0.00,0,0.00,0,0.00,0,0.00,0,0.00,0,0.00,0,0.00,0,0.00,0,0.00,0,0.00,0.00
M,712,Yeremy,5.8,5.8,Crystal Palace,76,3.35,78,3.85,72,3.96,69,3.74,65,2.97,69,3.52,65,3.21,62,3.00,65,3.14,64,3.02,0.00
D,713,A.Jimenez,4.5,4.5,Bournemouth,35,1.14,36,1.84,39,1.46,37,1.11,36,1.24,40,1.74,41,1.40,39,1.35,38,1.66,36,1.50,0.00
F,714,Woltemade,7.5,7.5,Newcastle,77,3.83,82,4.06,79,3.71,78,4.48,70,3.69,70,4.06,65,3.58,62,3.31,62,2.82,62,3.45,0.10
G,715,John,4.0,4.0,Nott'm Forest,1,0.04,3,0.10,4,0.13,5,0.19,4,0.14,4,0.17,4,0.13,5,0.15,4,0.15,5,0.17,0.00
D,716,Savona,4.5,4.5,Nott'm Forest,63,2.35,51,1.69,47,1.22,46,1.84,32,0.98,28,1.06,39,1.18,17,0.55,18,0.69,18,0.66,0.00
M,717,Xavi,6.5,6.5,Spurs,55,2.73,51,2.56,41,1.93,41,2.05,37,2.16,38,1.92,38,2.37,39,2.23,37,1.79,36,1.75,0.00
M,718,S.Magassa,5.0,5.0,West Ham,32,1.16,41,1.39,38,1.41,47,1.71,37,1.38,37,1.39,36,1.32,37,1.37,36,1.26,36,1.38,0.00
D,719,Lindelöf,4.5,4.5,Aston Villa,9,0.26,14,0.45,17,0.46,20,0.54,17,0.66,13,0.38,13,0.45,12,0.34,12,0.43,11,0.31,0.00
F,720,Tolu,5.4,5.4,Wolves,30,1.26,0,0.00,0,0.00,0,0.00,16,0.99,17,0.81,23,1.22,30,1.32,30,1.62,29,1.40,0.00
D,721,Milosavljević,4.5,4.5,Bournemouth,0,0.00,0,0.00,0,0.00,0,0.00,0,0.00,0,0.00,0,0.00,0,0.00,0,0.00,18,0.75,0.00
M,722,Florentino,5.0,5.0,Burnley,84,3.06,83,2.98,82,2.99,81,2.78,78,2.70,79,2.80,78,2.63,76,2.81,76,2.73,76,2.90,0.00
D,723,Canvot,4.5,4.5,Crystal Palace,12,0.36,20,0.81,26,1.15,26,1.14,25,0.88,22,0.90,23,1.00,20,0.71,20,0.76,21,0.74,0.00
D,724,Geertruida,4.5,4.5,Sunderland,46,1.72,64,1.99,63,2.86,61,1.70,48,1.69,46,1.64,43,1.75,41,1.72,40,2.15,40,1.08,0.00
D,725,Hincapie,5.4,5.4,Arsenal,88,5.27,57,2.87,38,1.94,34,1.73,37,1.79,37,1.72,37,1.86,34,1.70,31,1.61,35,2.00,0.01
F,726,Kolo Muani,6.9,6.9,Spurs,56,2.87,55,2.84,47,2.25,43,2.28,41,2.46,36,1.95,38,2.57,40,2.36,39,1.94,39,1.99,0.00
M,727,Chukwueze,5.3,5.3,Fulham,32,1.88,0,0.00,0,0.00,0,0.00,16,0.86,17,0.89,25,1.28,33,1.78,31,1.54,30,1.64,0.00
M,728,Röhl,5.0,5.0,Everton,0,0.00,26,1.05,53,2.46,60,2.63,50,2.34,49,2.43,41,1.72,35,1.68,35,1.51,35,1.54,0.00
D,729,Cuiabano,4.5,4.5,Nott'm Forest,0,0.00,0,0.00,0,0.00,0,0.00,0,0.00,0,0.00,0,0.00,0,0.00,0,0.00,0,0.00,0.00
F,730,Brobbey,5.5,5.5,Sunderland,40,2.06,59,2.49,58,2.83,59,2.38,48,2.17,48,2.21,44,2.16,40,2.07,39,2.38,39,1.50,0.00
M,731,Kevin,5.8,5.8,Fulham,57,2.82,77,3.70,73,3.44,71,2.91,62,2.71,61,2.59,57,2.52,52,2.42,50,2.16,52,2.48,0.00
F,732,Uche,5.5,5.5,Crystal Palace,10,0.55,0,0.00,0,0.00,0,0.00,7,0.35,7,0.41,9,0.52,10,0.56,10,0.56,11,0.54,0.00
G,733,Lammens,5.1,5.1,Man Utd,94,3.45,92,3.16,91,3.23,91,3.78,90,3.32,90,3.59,90,2.87,89,2.67,89,3.43,88,3.33,0.00
M,734,Bakwa,5.9,5.9,Nott'm Forest,0,0.00,24,1.05,38,1.62,47,2.24,49,2.05,48,2.29,49,1.96,46,2.06,48,2.23,49,2.19,0.00
M,735,Traoré,5.5,5.5,Sunderland,46,2.25,0,0.00,0,0.00,0,0.00,23,1.11,24,1.12,33,1.64,43,2.26,43,2.58,41,1.59,0.00
G,736,Donnarumma,5.7,5.7,Man City,94,3.61,87,3.77,91,3.60,87,3.61,86,3.20,92,3.64,92,3.30,92,4.07,92,3.52,91,3.03,0.03
F,737,Kusi-Asare,4.5,4.5,Fulham,1,0.10,3,0.26,3,0.25,3,0.21,1,0.12,1,0.09,0,0.00,0,0.00,0,0.00,0,0.00,0.00
G,738,Fabianski,4.5,4.5,West Ham,0,0.00,0,0.00,0,0.00,0,0.00,0,0.00,0,0.00,0,0.00,0,0.00,0,0.00,0,0.00,0.00
M,739,Mukasa,4.4,4.4,Man City,0,0.00,1,0.10,3,0.20,3,0.23,2,0.14,2,0.15,1,0.10,0,0.00,0,0.00,0,0.00,0.00
D,740,Mfuni,4.0,4.0,Man City,0,0.00,0,0.00,0,0.00,0,0.00,0,0.00,0,0.00,0,0.00,0,0.00,0,0.00,0,0.00,0.00
F,741,Gray,4.5,4.5,Leeds,0,0.00,0,0.00,0,0.00,0,0.00,0,0.00,0,0.00,0,0.00,0,0.00,0,0.00,0,0.00,0.00
M,742,McAidoo,4.5,4.5,Man City,0,0.00,0,0.00,0,0.00,0,0.00,0,0.00,0,0.00,0,0.00,0,0.00,0,0.00,0,0.00,0.00
M,743,Emenalo,4.5,4.5,Chelsea,0,0.00,0,0.00,0,0.00,0,0.00,0,0.00,0,0.00,0,0.00,0,0.00,0,0.00,0,0.00,0.00
M,744,Oriola,4.5,4.5,Brighton,0,0.00,0,0.00,0,0.00,0,0.00,0,0.00,0,0.00,0,0.00,0,0.00,0,0.00,0,0.00,0.00
D,745,Byfield,4.0,4.0,Spurs,0,0.00,0,0.00,0,0.00,0,0.00,0,0.00,0,0.00,0,0.00,0,0.00,0,0.00,0,0.00,0.00
M,746,Morrison,4.5,4.5,Liverpool,0,0.00,0,0.00,0,0.00,0,0.00,0,0.00,0,0.00,0,0.00,0,0.00,0,0.00,0,0.00,0.00
D,10003,Axel Disasi,99.9,99.9,Chelsea,0,0.00,0,0.00,0,0.00,0,0.00,0,0.00,0,0.00,0,0.00,0,0.00,0,0.00,0,0.00,0.00
F,10011,Raheem Sterling,99.9,99.9,Chelsea,0,0.00,0,0.00,0,0.00,0,0.00,0,0.00,0,0.00,0,0.00,0,0.00,0,0.00,0,0.00,0.00
M,10036,Sam Chambers,99.9,99.9,Leeds,0,0.00,0,0.00,0,0.00,0,0.00,0,0.00,0,0.00,0,0.00,0,0.00,0,0.00,0,0.00,0.00
G,10049,John Ruddy,99.9,99.9,Newcastle,0,0.00,2,0.06,0,0.00,0,0.00,0,0.00,0,0.00,0,0.00,0,0.00,0,0.00,0,0.00,0.00
M,10079,Josh Dasilva,99.9,99.9,Brentford,0,0.00,2,0.14,3,0.24,4,0.31,4,0.27,3,0.23,2,0.17,2,0.15,2,0.17,2,0.17,0.00
G,10080,Max Thompson,99.9,99.9,Newcastle,0,0.00,0,0.00,0,0.00,0,0.00,0,0.00,0,0.00,0,0.00,0,0.00,0,0.00,0,0.00,0.00